transaction_id,account_id,timestamp,amount,counterparty_name,transaction_type
TXN-EA3CEB7285,ACCT-1055,2026-06-01T00:00:45,52.21,Acme Retail Corp,wire_transfer
TXN-CECB511BB5,ACCT-1013,2026-06-01T00:53:38,1032.64,Sunrise Bakery,wire_transfer
TXN-E79695E880,ACCT-1025,2026-06-01T01:00:02,383.29,Bright Path Insurance,cash_deposit
TXN-31CC3209F0,ACCT-1005,2026-06-01T01:02:56,779.03,Union Hardware,ach_transfer
TXN-8A36BE40A3,ACCT-1015,2026-06-01T01:05:43,76.12,Blue Harbor Supplies,card_payment
TXN-FA5FFBA7AB,ACCT-1008,2026-06-01T01:06:03,1786.78,Acme Retail Corp,cash_deposit
TXN-91538AEF94,ACCT-1000,2026-06-01T01:19:57,610.93,Cedar Point Electronics,card_payment
TXN-26766765DE,ACCT-1021,2026-06-01T01:24:04,1157.92,Falcon Freight Inc,cash_withdrawal
TXN-856766D970,ACCT-1028,2026-06-01T01:33:08,124.29,Metro Utilities Co,cash_deposit
TXN-2975CF4B94,ACCT-1039,2026-06-01T01:59:56,143.84,Riverside Grocers,ach_transfer
TXN-AFB8079DC6,ACCT-1053,2026-06-01T02:05:57,842.17,Metro Utilities Co,ach_transfer
TXN-847E4A48D8,ACCT-1037,2026-06-01T02:09:43,82.18,Blue Harbor Supplies,cash_withdrawal
TXN-7B6D0B3E79,ACCT-1028,2026-06-01T02:20:45,508.06,Lakeside Medical Supply,card_payment
TXN-0BC00D7F37,ACCT-1017,2026-06-01T02:22:44,616.42,Greenfield Logistics,ach_transfer
TXN-71F2C76713,ACCT-1035,2026-06-01T02:23:47,402.26,Union Hardware,cash_withdrawal
TXN-7D63D83B4C,ACCT-1030,2026-06-01T02:35:31,294.1,Willow Bend Textiles,wire_transfer
TXN-429ABC34E0,ACCT-1019,2026-06-01T02:44:17,338.81,Cedar Point Electronics,card_payment
TXN-9AF3986794,ACCT-1010,2026-06-01T02:51:00,857.47,Metro Utilities Co,wire_transfer
TXN-696B58182D,ACCT-1005,2026-06-01T02:57:33,917.82,Palmdale Auto Parts,cash_deposit
TXN-79CBBA1952,ACCT-1015,2026-06-01T03:02:37,288.82,Cedar Point Electronics,card_payment
TXN-6662DB7116,ACCT-1000,2026-06-01T03:09:16,833.84,Crestwood Dental Group,ach_transfer
TXN-66EEB48523,ACCT-1031,2026-06-01T03:22:12,224.8,Sunrise Bakery,cash_deposit
TXN-2F3B489E05,ACCT-1003,2026-06-01T03:26:40,422.93,Maple Street Cafe,cash_withdrawal
TXN-98A6D17C35,ACCT-1041,2026-06-01T03:27:45,191.06,Ironclad Security LLC,cash_deposit
TXN-30AAA9CCC7,ACCT-1013,2026-06-01T03:36:27,574.59,Crestwood Dental Group,ach_transfer
TXN-7573E145ED,ACCT-1036,2026-06-01T03:49:09,878.65,Bright Path Insurance,wire_transfer
TXN-BBEFCFE837,ACCT-1021,2026-06-01T03:59:17,1105.34,Maple Street Cafe,cash_deposit
TXN-81E61FD507,ACCT-1039,2026-06-01T04:20:26,216.92,Metro Utilities Co,card_payment
TXN-9B8E5F8D46,ACCT-1017,2026-06-01T04:29:44,1208.2,Maple Street Cafe,wire_transfer
TXN-6D623BB3FD,ACCT-1026,2026-06-01T04:34:46,1099.78,Union Hardware,wire_transfer
TXN-50BEDD72EA,ACCT-1048,2026-06-01T04:43:36,1115.49,Blue Harbor Supplies,cash_deposit
TXN-492126D62C,ACCT-1041,2026-06-01T04:44:44,1025.96,Silver Creek Farms,wire_transfer
TXN-60352FAF21,ACCT-1039,2026-06-01T05:09:00,145.88,Crestwood Dental Group,cash_withdrawal
TXN-103968A331,ACCT-1005,2026-06-01T05:13:08,958.3,Crestwood Dental Group,ach_transfer
TXN-DAA7ADE8AA,ACCT-1040,2026-06-01T05:26:07,539.89,Riverside Grocers,card_payment
TXN-743257034E,ACCT-1015,2026-06-01T05:28:43,315.54,Blue Harbor Supplies,card_payment
TXN-C834ABA6E2,ACCT-1057,2026-06-01T05:36:44,129.46,Northgate Pharmacy,wire_transfer
TXN-6E2BC7D115,ACCT-1015,2026-06-01T05:48:35,314.77,Acme Retail Corp,ach_transfer
TXN-F74CA1A872,ACCT-1012,2026-06-01T06:01:51,625.1,Cedar Point Electronics,cash_withdrawal
TXN-25E32DE9A4,ACCT-1013,2026-06-01T06:14:18,711.97,Everett Consulting Group,card_payment
TXN-F9A22726F2,ACCT-1045,2026-06-01T06:29:04,587.02,Blue Harbor Supplies,wire_transfer
TXN-F667CC40D1,ACCT-1003,2026-06-01T06:29:08,209.09,Bright Path Insurance,cash_withdrawal
TXN-62FFA3C9C8,ACCT-1050,2026-06-01T06:54:38,696.58,Greenfield Logistics,wire_transfer
TXN-D75750A594,ACCT-1020,2026-06-01T06:59:21,650.03,Northgate Pharmacy,wire_transfer
TXN-A57F5B8A02,ACCT-1037,2026-06-01T07:34:25,46.02,Everett Consulting Group,card_payment
TXN-AA52A544A6,ACCT-1018,2026-06-01T07:41:11,144.52,Maple Street Cafe,wire_transfer
TXN-CD8CDE6C1D,ACCT-1019,2026-06-01T07:51:41,320.66,Union Hardware,ach_transfer
TXN-3F68FACE39,ACCT-1014,2026-06-01T07:52:31,1709.08,Willow Bend Textiles,card_payment
TXN-91B5B59A90,ACCT-1054,2026-06-01T07:53:20,1609.7,Bright Path Insurance,wire_transfer
TXN-19732A8F21,ACCT-1057,2026-06-01T07:53:30,842.06,Silver Creek Farms,wire_transfer
TXN-1A71293769,ACCT-1030,2026-06-01T07:56:16,135.14,Northgate Pharmacy,card_payment
TXN-1BC0C68D22,ACCT-1039,2026-06-01T07:57:00,1074.8,Willow Bend Textiles,card_payment
TXN-4061463BB0,ACCT-1039,2026-06-01T08:20:00,133.79,Northgate Pharmacy,cash_withdrawal
TXN-C7BC6D5E30,ACCT-1055,2026-06-01T08:36:37,2270.17,Maple Street Cafe,card_payment
TXN-AD83277447,ACCT-1021,2026-06-01T08:42:10,149.74,Metro Utilities Co,card_payment
TXN-CCB1B2FEB1,ACCT-1017,2026-06-01T09:00:00,762.35,example sanctioned test co,wire_transfer
TXN-BD00B6A301,ACCT-1052,2026-06-01T09:05:39,241.64,Greenfield Logistics,wire_transfer
TXN-910A14C51F,ACCT-1039,2026-06-01T09:17:00,20.46,Willow Bend Textiles,cash_deposit
TXN-9180779D30,ACCT-1058,2026-06-01T09:21:35,525.28,Willow Bend Textiles,cash_deposit
TXN-F8B387D50D,ACCT-1039,2026-06-01T09:40:00,618.69,Metro Utilities Co,cash_withdrawal
TXN-441E5E1343,ACCT-1047,2026-06-01T09:41:36,26.76,Silver Creek Farms,ach_transfer
TXN-177A675E3C,ACCT-1051,2026-06-01T09:42:41,1554.52,Palmdale Auto Parts,cash_withdrawal
TXN-C346DADEEC,ACCT-1025,2026-06-01T09:59:31,208.57,Blue Harbor Supplies,ach_transfer
TXN-08446A3814,ACCT-1039,2026-06-01T10:29:00,232.11,Harbor View Realty,wire_transfer
TXN-43AF658C0A,ACCT-1058,2026-06-01T11:31:32,583.45,Ironclad Security LLC,card_payment
TXN-614A76C27C,ACCT-1009,2026-06-01T11:35:12,611.56,Silver Creek Farms,card_payment
TXN-413DCB2B8D,ACCT-1025,2026-06-01T11:37:48,339.27,Maple Street Cafe,wire_transfer
TXN-D228A54A12,ACCT-1031,2026-06-01T11:48:29,384.16,Riverside Grocers,card_payment
TXN-F1C62B4C87,ACCT-1014,2026-06-01T12:20:06,302.41,Lakeside Medical Supply,ach_transfer
TXN-463D3F11DC,ACCT-1007,2026-06-01T12:43:45,202.48,Harbor View Realty,wire_transfer
TXN-0E6EA133BF,ACCT-1047,2026-06-01T12:46:54,779.39,Crestwood Dental Group,cash_withdrawal
TXN-3178F92BA6,ACCT-1011,2026-06-01T12:55:50,335.23,Harbor View Realty,card_payment
TXN-DB29B63181,ACCT-1039,2026-06-01T13:38:00,239.08,Silver Creek Farms,wire_transfer
TXN-598BBD9DA4,ACCT-1021,2026-06-01T14:06:01,1637.27,Union Hardware,wire_transfer
TXN-75F4D87F6D,ACCT-1017,2026-06-01T14:25:20,899.54,Palmdale Auto Parts,cash_withdrawal
TXN-2EA1FFD6DA,ACCT-1004,2026-06-01T14:43:36,308.99,Union Hardware,card_payment
TXN-BB3A313F1B,ACCT-1058,2026-06-01T14:56:42,887.35,Northgate Pharmacy,ach_transfer
TXN-C55E156D33,ACCT-1042,2026-06-01T15:29:24,537.84,Metro Utilities Co,ach_transfer
TXN-676E61249E,ACCT-1006,2026-06-01T15:44:24,1188.05,Lakeside Medical Supply,ach_transfer
TXN-0C55227228,ACCT-1036,2026-06-01T15:46:21,510.57,Maple Street Cafe,card_payment
TXN-0B81EDA759,ACCT-1011,2026-06-01T15:47:14,306.41,Lakeside Medical Supply,ach_transfer
TXN-631072B528,ACCT-1049,2026-06-01T16:15:04,1277.7,Northgate Pharmacy,ach_transfer
TXN-86472FC361,ACCT-1039,2026-06-01T16:16:27,1348.91,Lakeside Medical Supply,ach_transfer
TXN-C1E0387B06,ACCT-1055,2026-06-01T16:19:38,460.27,Northgate Pharmacy,cash_deposit
TXN-11C8AD8506,ACCT-1035,2026-06-01T16:35:40,186.18,Ironclad Security LLC,card_payment
TXN-7F6BEB78CD,ACCT-1000,2026-06-01T17:16:02,570.22,Greenfield Logistics,wire_transfer
TXN-2F36D31C02,ACCT-1048,2026-06-01T17:42:45,276.61,Bright Path Insurance,ach_transfer
TXN-806A980685,ACCT-1002,2026-06-01T17:52:00,334.86,Sunrise Bakery,cash_deposit
TXN-C195B21A50,ACCT-1058,2026-06-01T18:03:30,928.04,Riverside Grocers,ach_transfer
TXN-2AE8652CEC,ACCT-1012,2026-06-01T18:10:14,46.47,Everett Consulting Group,cash_deposit
TXN-68F78ABC24,ACCT-1020,2026-06-01T18:10:34,544.71,Harbor View Realty,card_payment
TXN-5C7FFAD28E,ACCT-1020,2026-06-01T18:11:55,575.51,Metro Utilities Co,wire_transfer
TXN-984E0BA41A,ACCT-1008,2026-06-01T18:14:49,784.68,Ironclad Security LLC,ach_transfer
TXN-1D3E15E19F,ACCT-1057,2026-06-01T18:15:48,387.6,Harbor View Realty,wire_transfer
TXN-F42494DFB5,ACCT-1057,2026-06-01T18:16:02,322.97,Crestwood Dental Group,cash_withdrawal
TXN-8027A5EAB2,ACCT-1039,2026-06-01T18:32:00,296.6,Crestwood Dental Group,wire_transfer
TXN-8045E85AAD,ACCT-1033,2026-06-01T18:36:53,762.2,Metro Utilities Co,wire_transfer
TXN-AC266EF4E3,ACCT-1039,2026-06-01T18:37:00,579.71,Bright Path Insurance,cash_withdrawal
TXN-5E34038F0D,ACCT-1039,2026-06-01T18:38:00,176.74,Silver Creek Farms,ach_transfer
TXN-4A86A92697,ACCT-1013,2026-06-01T18:59:23,863.08,Everett Consulting Group,card_payment
TXN-BD79ACE5E3,ACCT-1042,2026-06-01T19:15:35,320.49,Crestwood Dental Group,ach_transfer
TXN-4116317E1F,ACCT-1021,2026-06-01T19:39:31,241.64,Acme Retail Corp,cash_deposit
TXN-73DECA6846,ACCT-1020,2026-06-01T19:45:12,977.34,Blue Harbor Supplies,ach_transfer
TXN-BE7E18D2C2,ACCT-1052,2026-06-01T20:18:10,1116.09,Crestwood Dental Group,wire_transfer
TXN-600D7E97DE,ACCT-1033,2026-06-01T20:48:01,475.97,Everett Consulting Group,cash_deposit
TXN-51D6A6A2A1,ACCT-1003,2026-06-01T21:14:36,1898.68,Bright Path Insurance,cash_withdrawal
TXN-AC671B0E02,ACCT-1033,2026-06-01T21:31:58,465.72,Palmdale Auto Parts,wire_transfer
TXN-63046DCBD2,ACCT-1023,2026-06-01T21:33:16,291.33,Willow Bend Textiles,cash_deposit
TXN-0999BF8822,ACCT-1027,2026-06-01T21:33:49,717.9,Greenfield Logistics,ach_transfer
TXN-E0A24F3238,ACCT-1039,2026-06-01T21:37:00,335.21,Palmdale Auto Parts,cash_deposit
TXN-10614F9473,ACCT-1056,2026-06-01T21:52:49,31.32,Metro Utilities Co,cash_withdrawal
TXN-DA3FF1E73E,ACCT-1001,2026-06-01T22:02:34,568.2,Willow Bend Textiles,card_payment
TXN-B08435732A,ACCT-1010,2026-06-01T22:33:31,380.46,Northgate Pharmacy,ach_transfer
TXN-EF32514C2B,ACCT-1033,2026-06-01T22:39:21,979.68,Northgate Pharmacy,cash_deposit
TXN-BD9EB12CDC,ACCT-1004,2026-06-01T23:14:30,118.6,Union Hardware,cash_withdrawal
TXN-798127B706,ACCT-1037,2026-06-01T23:35:50,590.05,Metro Utilities Co,ach_transfer
TXN-64DF6E7EF2,ACCT-1054,2026-06-02T00:02:15,405.02,Lakeside Medical Supply,wire_transfer
TXN-B0B0759D46,ACCT-1045,2026-06-02T00:08:33,348.87,Riverside Grocers,cash_withdrawal
TXN-7BF03A9BD2,ACCT-1027,2026-06-02T00:08:38,1186.15,Union Hardware,cash_withdrawal
TXN-0E319CFF39,ACCT-1059,2026-06-02T00:43:16,892.07,Falcon Freight Inc,card_payment
TXN-FB0659ECEE,ACCT-1022,2026-06-02T01:11:43,316.69,Ironclad Security LLC,cash_withdrawal
TXN-7A1F205ED6,ACCT-1046,2026-06-02T01:52:30,1047.86,Falcon Freight Inc,ach_transfer
TXN-297B60A03E,ACCT-1056,2026-06-02T02:18:06,703.4,Willow Bend Textiles,wire_transfer
TXN-2CC4A6908B,ACCT-1049,2026-06-02T02:19:41,870.05,Northgate Pharmacy,ach_transfer
TXN-6A04CD682D,ACCT-1030,2026-06-02T02:24:59,2168.52,Willow Bend Textiles,card_payment
TXN-29AAFE7F5A,ACCT-1013,2026-06-02T02:59:03,741.77,Crestwood Dental Group,card_payment
TXN-B9B6379FA7,ACCT-1022,2026-06-02T03:18:27,1161.35,Lakeside Medical Supply,ach_transfer
TXN-BACFCBEC7D,ACCT-1000,2026-06-02T03:23:50,372.21,Lakeside Medical Supply,ach_transfer
TXN-4B82EAC764,ACCT-1042,2026-06-02T03:24:46,719.47,Blue Harbor Supplies,ach_transfer
TXN-603C643571,ACCT-1053,2026-06-02T03:30:31,1382.54,Maple Street Cafe,card_payment
TXN-B9D375C211,ACCT-1055,2026-06-02T03:39:33,677.63,Palmdale Auto Parts,cash_deposit
TXN-245BAD471A,ACCT-1054,2026-06-02T03:39:59,474.77,Riverside Grocers,card_payment
TXN-3141CAE128,ACCT-1044,2026-06-02T03:41:58,325.15,Metro Utilities Co,wire_transfer
TXN-1470602EB8,ACCT-1023,2026-06-02T03:59:24,565.0,Cedar Point Electronics,ach_transfer
TXN-2C9E740849,ACCT-1032,2026-06-02T04:02:39,322.64,Blue Harbor Supplies,ach_transfer
TXN-756C1F1978,ACCT-1001,2026-06-02T04:05:05,593.43,Acme Retail Corp,cash_deposit
TXN-BD354FBD10,ACCT-1009,2026-06-02T04:05:26,360.82,Silver Creek Farms,card_payment
TXN-83754E0A60,ACCT-1034,2026-06-02T04:33:55,239.04,Northgate Pharmacy,card_payment
TXN-A02691C20A,ACCT-1021,2026-06-02T04:41:28,543.82,Lakeside Medical Supply,ach_transfer
TXN-D121AE0D5C,ACCT-1014,2026-06-02T04:53:27,850.35,Silver Creek Farms,card_payment
TXN-254958DF5B,ACCT-1016,2026-06-02T05:21:27,481.67,Sunrise Bakery,card_payment
TXN-A7F14756C5,ACCT-1009,2026-06-02T05:23:32,859.83,Everett Consulting Group,cash_withdrawal
TXN-82AF8660AD,ACCT-1043,2026-06-02T05:25:08,534.41,Crestwood Dental Group,wire_transfer
TXN-B32E310518,ACCT-1051,2026-06-02T05:46:17,585.44,Acme Retail Corp,cash_deposit
TXN-A1278D2A80,ACCT-1031,2026-06-02T05:47:29,530.36,Greenfield Logistics,cash_deposit
TXN-8BFC176393,ACCT-1058,2026-06-02T05:54:49,379.53,Greenfield Logistics,wire_transfer
TXN-013E81E5D2,ACCT-1056,2026-06-02T05:58:49,1045.34,Lakeside Medical Supply,wire_transfer
TXN-95B01A81D6,ACCT-1041,2026-06-02T06:06:31,271.05,Riverside Grocers,card_payment
TXN-E8D0D81118,ACCT-1007,2026-06-02T06:08:53,316.36,Riverside Grocers,card_payment
TXN-1EDB0AC856,ACCT-1058,2026-06-02T06:16:30,1632.75,Everett Consulting Group,cash_deposit
TXN-4AF21BB61F,ACCT-1007,2026-06-02T06:17:56,492.04,Crestwood Dental Group,cash_withdrawal
TXN-4D3CB12742,ACCT-1016,2026-06-02T06:41:41,380.51,Everett Consulting Group,ach_transfer
TXN-D195799F84,ACCT-1009,2026-06-02T06:48:24,1746.57,Harbor View Realty,cash_deposit
TXN-C9D2394693,ACCT-1043,2026-06-02T07:17:00,347.51,Harbor View Realty,card_payment
TXN-7A0165C91A,ACCT-1013,2026-06-02T07:25:32,363.19,Willow Bend Textiles,cash_deposit
TXN-4444E36CF5,ACCT-1043,2026-06-02T07:27:18,845.39,Maple Street Cafe,card_payment
TXN-226A0522A9,ACCT-1049,2026-06-02T07:49:14,508.69,Crestwood Dental Group,card_payment
TXN-5F9A1BEED8,ACCT-1015,2026-06-02T08:09:08,118.33,Acme Retail Corp,cash_withdrawal
TXN-40A11E5F31,ACCT-1038,2026-06-02T08:17:38,591.56,Harbor View Realty,cash_deposit
TXN-6AD5D30BE5,ACCT-1028,2026-06-02T09:14:04,999.04,Lakeside Medical Supply,cash_deposit
TXN-1E5A900CF4,ACCT-1035,2026-06-02T09:18:20,446.36,Ironclad Security LLC,card_payment
TXN-F2D2F55155,ACCT-1017,2026-06-02T09:24:21,1557.19,Harbor View Realty,cash_withdrawal
TXN-B7B333BAB7,ACCT-1008,2026-06-02T09:24:35,1297.16,Lakeside Medical Supply,card_payment
TXN-5EF1CE1B00,ACCT-1003,2026-06-02T09:30:43,557.23,Blue Harbor Supplies,wire_transfer
TXN-F0BAD65D89,ACCT-1026,2026-06-02T09:37:30,492.19,Falcon Freight Inc,cash_deposit
TXN-3DE1704F42,ACCT-1042,2026-06-02T09:38:52,935.72,Cedar Point Electronics,ach_transfer
TXN-C16C62EFEF,ACCT-1013,2026-06-02T09:40:37,751.55,Harbor View Realty,card_payment
TXN-5EF7EE6034,ACCT-1044,2026-06-02T09:58:25,567.16,Harbor View Realty,card_payment
TXN-924B782D8A,ACCT-1031,2026-06-02T10:12:27,884.85,Willow Bend Textiles,cash_deposit
TXN-A4CC09CEE6,ACCT-1046,2026-06-02T10:13:40,1612.0,Bright Path Insurance,cash_withdrawal
TXN-D370DEFED1,ACCT-1005,2026-06-02T10:23:55,159.6,Cedar Point Electronics,card_payment
TXN-2CBA8623B9,ACCT-1000,2026-06-02T10:35:36,393.0,Lakeside Medical Supply,ach_transfer
TXN-E643C8972B,ACCT-1026,2026-06-02T11:15:08,143.41,Harbor View Realty,card_payment
TXN-679805D501,ACCT-1018,2026-06-02T11:15:50,80.68,Ironclad Security LLC,ach_transfer
TXN-CEFDB18D8D,ACCT-1015,2026-06-02T11:17:23,929.16,Sunrise Bakery,ach_transfer
TXN-409B651511,ACCT-1017,2026-06-02T11:25:06,458.63,Metro Utilities Co,cash_deposit
TXN-E83B68575E,ACCT-1017,2026-06-02T11:56:59,1109.42,Harbor View Realty,card_payment
TXN-E9F26B4CFF,ACCT-1054,2026-06-02T11:57:38,439.85,Palmdale Auto Parts,ach_transfer
TXN-6E9330A19D,ACCT-1036,2026-06-02T12:00:43,626.47,Northgate Pharmacy,cash_deposit
TXN-A20F2FF7E5,ACCT-1034,2026-06-02T12:05:31,286.88,Sunrise Bakery,cash_withdrawal
TXN-3938E17C51,ACCT-1059,2026-06-02T12:09:19,99.55,Greenfield Logistics,cash_deposit
TXN-A843DFC4B6,ACCT-1050,2026-06-02T12:15:12,185.42,Riverside Grocers,ach_transfer
TXN-F5C0027E2B,ACCT-1043,2026-06-02T12:18:52,307.0,Greenfield Logistics,ach_transfer
TXN-7B263C0278,ACCT-1037,2026-06-02T12:48:42,513.47,Union Hardware,ach_transfer
TXN-B85E7F42BC,ACCT-1041,2026-06-02T12:55:12,816.79,Sunrise Bakery,wire_transfer
TXN-EEF075EA82,ACCT-1010,2026-06-02T13:00:56,420.98,Maple Street Cafe,cash_deposit
TXN-78BA4501B8,ACCT-1021,2026-06-02T13:02:29,903.02,Acme Retail Corp,card_payment
TXN-79AC8F448F,ACCT-1008,2026-06-02T13:05:24,130.78,Sunrise Bakery,card_payment
TXN-8F26CB068F,ACCT-1034,2026-06-02T13:16:15,957.53,Cedar Point Electronics,cash_deposit
TXN-8F253BB299,ACCT-1016,2026-06-02T13:24:03,305.5,Ironclad Security LLC,wire_transfer
TXN-1113125BC8,ACCT-1059,2026-06-02T13:39:41,455.19,Metro Utilities Co,card_payment
TXN-89AB17957A,ACCT-1045,2026-06-02T13:40:45,287.79,Union Hardware,card_payment
TXN-95FBBEEF69,ACCT-1059,2026-06-02T13:56:52,470.22,Harbor View Realty,card_payment
TXN-929FAB3A0E,ACCT-1027,2026-06-02T14:12:23,321.28,Falcon Freight Inc,card_payment
TXN-B6FF14D6C6,ACCT-1051,2026-06-02T14:19:06,208.64,Northgate Pharmacy,ach_transfer
TXN-8C1EB59756,ACCT-1049,2026-06-02T14:26:54,418.97,Acme Retail Corp,card_payment
TXN-4BF5306BFA,ACCT-1019,2026-06-02T14:35:14,111.07,Silver Creek Farms,cash_deposit
TXN-D876138C4D,ACCT-1036,2026-06-02T14:49:39,834.4,Ironclad Security LLC,cash_withdrawal
TXN-2C74C96614,ACCT-1045,2026-06-02T14:51:47,717.66,Union Hardware,wire_transfer
TXN-D8FAF0E9D8,ACCT-1032,2026-06-02T14:52:47,758.13,Palmdale Auto Parts,ach_transfer
TXN-387F61676B,ACCT-1008,2026-06-02T14:54:24,328.1,Blue Harbor Supplies,card_payment
TXN-179BABE4AB,ACCT-1035,2026-06-02T15:06:44,858.89,Northgate Pharmacy,cash_deposit
TXN-21DA223592,ACCT-1040,2026-06-02T15:07:51,298.91,Maple Street Cafe,ach_transfer
TXN-3EA3149795,ACCT-1010,2026-06-02T15:22:53,237.26,Northgate Pharmacy,cash_deposit
TXN-2897637F80,ACCT-1006,2026-06-02T15:34:13,1302.47,Metro Utilities Co,wire_transfer
TXN-4D00012F46,ACCT-1009,2026-06-02T15:44:03,326.99,Harbor View Realty,ach_transfer
TXN-A37FCF6171,ACCT-1045,2026-06-02T15:44:06,1200.26,Falcon Freight Inc,card_payment
TXN-657173672B,ACCT-1031,2026-06-02T16:27:21,189.61,Union Hardware,wire_transfer
TXN-1B5F676CB6,ACCT-1034,2026-06-02T16:41:45,253.12,Falcon Freight Inc,cash_withdrawal
TXN-48020D6580,ACCT-1022,2026-06-02T16:44:09,237.36,Lakeside Medical Supply,ach_transfer
TXN-DFDD3BDA11,ACCT-1021,2026-06-02T16:47:29,318.26,Bright Path Insurance,card_payment
TXN-AEF41D8AF4,ACCT-1028,2026-06-02T17:29:42,1192.16,Everett Consulting Group,ach_transfer
TXN-BD1C189C37,ACCT-1051,2026-06-02T17:33:23,384.86,Silver Creek Farms,card_payment
TXN-62FEF7927A,ACCT-1014,2026-06-02T17:39:59,435.61,Maple Street Cafe,cash_deposit
TXN-BD43A60E58,ACCT-1057,2026-06-02T17:41:47,382.51,Greenfield Logistics,cash_deposit
TXN-A0B923527E,ACCT-1011,2026-06-02T17:46:22,280.72,Acme Retail Corp,card_payment
TXN-755503D0BC,ACCT-1027,2026-06-02T18:02:17,897.07,Riverside Grocers,cash_withdrawal
TXN-52D5C01EA3,ACCT-1024,2026-06-02T18:03:23,342.27,Greenfield Logistics,wire_transfer
TXN-6F6D2E2B25,ACCT-1045,2026-06-02T18:11:14,630.19,Union Hardware,cash_withdrawal
TXN-00627D36A3,ACCT-1009,2026-06-02T18:34:23,881.75,Metro Utilities Co,cash_deposit
TXN-1186DB590E,ACCT-1058,2026-06-02T18:41:50,604.74,Lakeside Medical Supply,cash_deposit
TXN-31FA3773DE,ACCT-1047,2026-06-02T19:01:39,1489.27,Everett Consulting Group,ach_transfer
TXN-3561FC8E01,ACCT-1007,2026-06-02T19:31:46,469.81,Harbor View Realty,card_payment
TXN-5137E12DB3,ACCT-1020,2026-06-02T19:44:22,1857.16,Blue Harbor Supplies,wire_transfer
TXN-5AD24AB702,ACCT-1059,2026-06-02T19:51:01,283.23,Cedar Point Electronics,card_payment
TXN-BF73E08705,ACCT-1023,2026-06-02T20:02:14,368.59,Cedar Point Electronics,cash_withdrawal
TXN-A1047CA618,ACCT-1015,2026-06-02T20:11:27,300.65,Falcon Freight Inc,cash_withdrawal
TXN-F5ADB0299E,ACCT-1000,2026-06-02T20:16:55,714.69,Metro Utilities Co,ach_transfer
TXN-9C21887AB5,ACCT-1020,2026-06-02T20:42:37,1134.0,Falcon Freight Inc,cash_withdrawal
TXN-22379F454E,ACCT-1014,2026-06-02T20:42:47,250.4,Ironclad Security LLC,cash_deposit
TXN-02830CB722,ACCT-1042,2026-06-02T21:02:59,406.09,Harbor View Realty,ach_transfer
TXN-6EF62E352B,ACCT-1013,2026-06-02T21:09:56,1413.52,Cedar Point Electronics,ach_transfer
TXN-091583F065,ACCT-1004,2026-06-02T21:10:56,967.82,Silver Creek Farms,cash_deposit
TXN-9DE02C2A9D,ACCT-1010,2026-06-02T21:12:10,275.55,Acme Retail Corp,cash_deposit
TXN-DD852FF27B,ACCT-1032,2026-06-02T21:28:37,1462.09,Maple Street Cafe,card_payment
TXN-D44A9106DF,ACCT-1052,2026-06-02T21:41:48,293.27,Greenfield Logistics,cash_deposit
TXN-9E750E1989,ACCT-1038,2026-06-02T22:12:31,1869.06,Everett Consulting Group,wire_transfer
TXN-FBC5E6EA0F,ACCT-1009,2026-06-02T22:29:49,748.54,Crestwood Dental Group,cash_withdrawal
TXN-7119C22AA6,ACCT-1029,2026-06-02T22:50:52,142.62,Palmdale Auto Parts,card_payment
TXN-F4E1098907,ACCT-1040,2026-06-02T22:57:42,85.4,Sunrise Bakery,ach_transfer
TXN-99C650C5FB,ACCT-1017,2026-06-02T23:03:31,405.67,Lakeside Medical Supply,card_payment
TXN-0AC4C2796E,ACCT-1039,2026-06-02T23:11:26,127.3,Maple Street Cafe,card_payment
TXN-67D2C6EA90,ACCT-1000,2026-06-02T23:15:23,289.24,Maple Street Cafe,cash_withdrawal
TXN-494A6F29DC,ACCT-1015,2026-06-02T23:18:48,1605.11,Willow Bend Textiles,cash_withdrawal
TXN-05BFF8AF2A,ACCT-1010,2026-06-02T23:28:46,2793.67,Bright Path Insurance,card_payment
TXN-62D67362F1,ACCT-1028,2026-06-02T23:39:08,1437.87,Palmdale Auto Parts,card_payment
TXN-8546D260BF,ACCT-1019,2026-06-03T00:49:30,196.84,Crestwood Dental Group,cash_deposit
TXN-05462D246C,ACCT-1044,2026-06-03T00:55:17,155.87,Northgate Pharmacy,ach_transfer
TXN-0E7D7A462D,ACCT-1003,2026-06-03T01:05:20,312.57,Cedar Point Electronics,card_payment
TXN-7CBC4CB257,ACCT-1014,2026-06-03T01:12:55,235.41,Lakeside Medical Supply,cash_deposit
TXN-5EC75371EE,ACCT-1026,2026-06-03T01:42:56,595.47,Silver Creek Farms,ach_transfer
TXN-00027045A2,ACCT-1053,2026-06-03T01:44:01,1086.24,Blue Harbor Supplies,cash_deposit
TXN-8E1B7D2055,ACCT-1050,2026-06-03T01:45:31,1078.87,Cedar Point Electronics,card_payment
TXN-33ED813776,ACCT-1057,2026-06-03T02:16:02,238.92,Everett Consulting Group,card_payment
TXN-FCC0CC7FAB,ACCT-1018,2026-06-03T02:52:32,239.89,Silver Creek Farms,ach_transfer
TXN-371787D097,ACCT-1031,2026-06-03T02:58:58,180.12,Bright Path Insurance,card_payment
TXN-BA4C523D5C,ACCT-1048,2026-06-03T03:20:01,344.49,Palmdale Auto Parts,ach_transfer
TXN-A7C524B21A,ACCT-1059,2026-06-03T03:32:36,817.24,Everett Consulting Group,cash_deposit
TXN-4873B29713,ACCT-1039,2026-06-03T03:39:08,512.21,Union Hardware,wire_transfer
TXN-65BBA3CCF3,ACCT-1023,2026-06-03T03:42:56,1188.81,Silver Creek Farms,cash_withdrawal
TXN-F8635A7C62,ACCT-1052,2026-06-03T03:43:17,1317.74,Northgate Pharmacy,card_payment
TXN-1B45FDAFDB,ACCT-1018,2026-06-03T03:54:08,721.66,Cedar Point Electronics,ach_transfer
TXN-39C013F677,ACCT-1036,2026-06-03T04:25:19,1038.27,Union Hardware,cash_withdrawal
TXN-12418AE469,ACCT-1019,2026-06-03T04:28:49,342.74,Ironclad Security LLC,card_payment
TXN-F8B7EC34C0,ACCT-1012,2026-06-03T04:49:56,99.37,Ironclad Security LLC,ach_transfer
TXN-2D2B92444F,ACCT-1028,2026-06-03T04:52:19,144.67,Ironclad Security LLC,card_payment
TXN-BC3A8C21F0,ACCT-1012,2026-06-03T05:03:50,2296.48,Silver Creek Farms,card_payment
TXN-7E43AF383F,ACCT-1031,2026-06-03T05:28:55,1179.3,Union Hardware,cash_withdrawal
TXN-211AB20D83,ACCT-1029,2026-06-03T05:34:18,534.04,Cedar Point Electronics,cash_withdrawal
TXN-E69A67F981,ACCT-1042,2026-06-03T05:36:27,799.87,Palmdale Auto Parts,card_payment
TXN-CCC9B1C021,ACCT-1047,2026-06-03T05:39:05,1107.84,Union Hardware,cash_deposit
TXN-CA06C557C8,ACCT-1039,2026-06-03T05:40:19,420.37,Riverside Grocers,card_payment
TXN-C2A806D6B1,ACCT-1007,2026-06-03T05:43:09,730.6,Northgate Pharmacy,ach_transfer
TXN-5CA3A6C78A,ACCT-1001,2026-06-03T05:51:20,1126.16,Acme Retail Corp,ach_transfer
TXN-E8C17F46CA,ACCT-1017,2026-06-03T05:54:08,416.25,Everett Consulting Group,ach_transfer
TXN-E6F0BAF92A,ACCT-1005,2026-06-03T06:07:58,543.74,Riverside Grocers,ach_transfer
TXN-DE5DF57E3F,ACCT-1010,2026-06-03T06:26:29,186.74,Blue Harbor Supplies,cash_withdrawal
TXN-9C8D7F0436,ACCT-1014,2026-06-03T06:29:53,1192.55,Lakeside Medical Supply,card_payment
TXN-18C774A0AC,ACCT-1046,2026-06-03T06:31:12,597.82,Greenfield Logistics,ach_transfer
TXN-19A765BA91,ACCT-1027,2026-06-03T06:32:29,980.28,Palmdale Auto Parts,cash_withdrawal
TXN-56303DDC48,ACCT-1033,2026-06-03T07:05:27,500.79,Metro Utilities Co,cash_withdrawal
TXN-B344D5F0CD,ACCT-1008,2026-06-03T07:09:51,526.14,Falcon Freight Inc,card_payment
TXN-293CFC1B53,ACCT-1052,2026-06-03T07:10:57,2630.69,Bright Path Insurance,ach_transfer
TXN-7B8064BE92,ACCT-1050,2026-06-03T07:14:52,618.42,Harbor View Realty,card_payment
TXN-C0E00C1876,ACCT-1046,2026-06-03T07:20:45,395.41,Crestwood Dental Group,cash_deposit
TXN-AE492C5191,ACCT-1041,2026-06-03T07:22:48,421.46,Falcon Freight Inc,card_payment
TXN-839B84E987,ACCT-1006,2026-06-03T07:26:29,410.85,Everett Consulting Group,card_payment
TXN-359E80A9B9,ACCT-1015,2026-06-03T07:30:41,776.0,Blue Harbor Supplies,ach_transfer
TXN-8858D5E46A,ACCT-1034,2026-06-03T07:44:35,1064.66,Falcon Freight Inc,ach_transfer
TXN-69A660B63A,ACCT-1044,2026-06-03T08:13:03,624.04,Harbor View Realty,cash_deposit
TXN-526D11AF73,ACCT-1021,2026-06-03T08:26:50,931.1,Acme Retail Corp,ach_transfer
TXN-AFC1EB25E0,ACCT-1016,2026-06-03T09:02:59,864.45,Maple Street Cafe,cash_deposit
TXN-CF04407616,ACCT-1053,2026-06-03T09:20:04,1370.71,Crestwood Dental Group,card_payment
TXN-32DAC1B005,ACCT-1043,2026-06-03T09:33:07,460.72,Blue Harbor Supplies,card_payment
TXN-878375823B,ACCT-1012,2026-06-03T09:46:05,232.55,Willow Bend Textiles,card_payment
TXN-22555D6A33,ACCT-1006,2026-06-03T09:55:32,170.99,Silver Creek Farms,cash_deposit
TXN-9CC54AF2D6,ACCT-1032,2026-06-03T10:08:47,392.72,Metro Utilities Co,ach_transfer
TXN-B4AB40B409,ACCT-1042,2026-06-03T10:27:00,488.67,Silver Creek Farms,card_payment
TXN-769516113A,ACCT-1042,2026-06-03T10:33:01,301.79,Lakeside Medical Supply,card_payment
TXN-134BCD5FD1,ACCT-1044,2026-06-03T10:34:03,1034.68,Acme Retail Corp,cash_withdrawal
TXN-E0CB57063E,ACCT-1024,2026-06-03T10:37:26,165.48,Blue Harbor Supplies,card_payment
TXN-0EE39DBC17,ACCT-1015,2026-06-03T11:06:15,401.95,Cedar Point Electronics,ach_transfer
TXN-523573EA5C,ACCT-1057,2026-06-03T11:09:24,511.65,Blue Harbor Supplies,wire_transfer
TXN-E87DC4B849,ACCT-1014,2026-06-03T11:13:48,1608.21,Falcon Freight Inc,card_payment
TXN-25DCB130FF,ACCT-1016,2026-06-03T11:24:55,771.01,Greenfield Logistics,cash_deposit
TXN-8A08530ED2,ACCT-1058,2026-06-03T11:46:56,1120.49,Blue Harbor Supplies,card_payment
TXN-2B8BC6D2E6,ACCT-1048,2026-06-03T12:06:36,860.44,Sunrise Bakery,card_payment
TXN-C8838C02B2,ACCT-1028,2026-06-03T12:12:48,296.08,Falcon Freight Inc,card_payment
TXN-8A69318C30,ACCT-1013,2026-06-03T12:13:01,325.5,Bright Path Insurance,card_payment
TXN-D5C8F2F009,ACCT-1025,2026-06-03T12:29:39,403.56,Metro Utilities Co,cash_withdrawal
TXN-8D3B8AB73C,ACCT-1057,2026-06-03T12:40:31,148.82,Falcon Freight Inc,ach_transfer
TXN-70F8F6E0C8,ACCT-1058,2026-06-03T12:41:53,1220.45,Falcon Freight Inc,cash_withdrawal
TXN-3F6ECE1CA9,ACCT-1000,2026-06-03T12:48:40,612.63,Greenfield Logistics,card_payment
TXN-BD0BF2BAFC,ACCT-1029,2026-06-03T12:54:10,1122.89,Blue Harbor Supplies,card_payment
TXN-83D07EF49F,ACCT-1026,2026-06-03T13:14:38,701.06,Sunrise Bakery,card_payment
TXN-7ED1C58FD6,ACCT-1036,2026-06-03T13:24:36,1204.99,Northgate Pharmacy,ach_transfer
TXN-78F9CFB4C4,ACCT-1037,2026-06-03T13:24:38,924.86,Cedar Point Electronics,wire_transfer
TXN-EBAD014BC3,ACCT-1013,2026-06-03T13:28:28,1108.53,Metro Utilities Co,wire_transfer
TXN-C24238A259,ACCT-1032,2026-06-03T13:43:27,212.4,Willow Bend Textiles,cash_withdrawal
TXN-4A4F99781F,ACCT-1037,2026-06-03T13:52:03,658.88,Maple Street Cafe,card_payment
TXN-295977B5F8,ACCT-1041,2026-06-03T13:53:00,808.68,Union Hardware,card_payment
TXN-65308F419A,ACCT-1045,2026-06-03T13:58:09,764.3,Bright Path Insurance,ach_transfer
TXN-7683B2A5B7,ACCT-1048,2026-06-03T14:04:33,566.8,Crestwood Dental Group,ach_transfer
TXN-174213CA3A,ACCT-1023,2026-06-03T14:05:33,755.27,Silver Creek Farms,wire_transfer
TXN-56E2C63358,ACCT-1016,2026-06-03T14:21:45,474.21,Crestwood Dental Group,card_payment
TXN-17FDF7BF9A,ACCT-1051,2026-06-03T14:36:11,104.03,Harbor View Realty,cash_deposit
TXN-FFF8D54B58,ACCT-1047,2026-06-03T14:55:08,920.5,Metro Utilities Co,card_payment
TXN-153F5CE184,ACCT-1022,2026-06-03T15:00:32,537.09,Northgate Pharmacy,cash_deposit
TXN-5B6185BBC9,ACCT-1013,2026-06-03T15:03:31,237.66,Palmdale Auto Parts,cash_deposit
TXN-F22EACFF7F,ACCT-1054,2026-06-03T15:13:48,855.95,Harbor View Realty,card_payment
TXN-EBB282697B,ACCT-1015,2026-06-03T15:24:11,457.89,Willow Bend Textiles,ach_transfer
TXN-5A5FCC36DF,ACCT-1012,2026-06-03T15:38:33,148.54,Acme Retail Corp,wire_transfer
TXN-08A53A15E0,ACCT-1028,2026-06-03T15:56:47,360.94,Silver Creek Farms,cash_deposit
TXN-AECED40413,ACCT-1022,2026-06-03T16:12:18,2242.96,Ironclad Security LLC,cash_withdrawal
TXN-F675CAEB5F,ACCT-1046,2026-06-03T16:33:53,1566.52,Union Hardware,card_payment
TXN-5010E14D3C,ACCT-1015,2026-06-03T16:40:14,419.91,Crestwood Dental Group,ach_transfer
TXN-27B09928C2,ACCT-1012,2026-06-03T16:50:26,1277.48,Cedar Point Electronics,card_payment
TXN-E2165515AA,ACCT-1007,2026-06-03T17:29:50,326.79,Falcon Freight Inc,card_payment
TXN-6FA53CDDC8,ACCT-1017,2026-06-03T17:36:14,2496.62,Acme Retail Corp,cash_deposit
TXN-AE6D690156,ACCT-1028,2026-06-03T17:39:26,965.71,Falcon Freight Inc,ach_transfer
TXN-D5A79C06C5,ACCT-1029,2026-06-03T17:56:50,332.73,Bright Path Insurance,wire_transfer
TXN-32A52BD9F1,ACCT-1021,2026-06-03T18:23:18,1877.03,Harbor View Realty,card_payment
TXN-1D4415B549,ACCT-1004,2026-06-03T18:28:11,942.29,Harbor View Realty,ach_transfer
TXN-57D9CAB427,ACCT-1002,2026-06-03T18:40:34,565.37,Greenfield Logistics,ach_transfer
TXN-760F6534AA,ACCT-1015,2026-06-03T19:05:56,104.03,Northgate Pharmacy,card_payment
TXN-28C5A81BB2,ACCT-1031,2026-06-03T19:11:26,1173.02,Acme Retail Corp,wire_transfer
TXN-CD5B98B095,ACCT-1033,2026-06-03T19:16:39,782.35,Greenfield Logistics,cash_withdrawal
TXN-6DE51001A5,ACCT-1045,2026-06-03T19:33:19,1479.49,Maple Street Cafe,cash_deposit
TXN-A3C64360A9,ACCT-1046,2026-06-03T19:38:54,1484.29,Greenfield Logistics,card_payment
TXN-15A07D8970,ACCT-1013,2026-06-03T20:25:54,152.8,Maple Street Cafe,ach_transfer
TXN-AFC2E40590,ACCT-1021,2026-06-03T20:28:42,143.09,Ironclad Security LLC,cash_deposit
TXN-50B523095D,ACCT-1051,2026-06-03T20:41:43,181.05,Maple Street Cafe,cash_withdrawal
TXN-3353DEF5A7,ACCT-1010,2026-06-03T20:44:58,1548.5,Northgate Pharmacy,ach_transfer
TXN-ACB1081A4B,ACCT-1035,2026-06-03T20:49:35,480.03,Maple Street Cafe,cash_deposit
TXN-F16E19AA98,ACCT-1038,2026-06-03T21:08:09,434.15,Harbor View Realty,ach_transfer
TXN-35165E300E,ACCT-1034,2026-06-03T21:08:44,593.44,Blue Harbor Supplies,wire_transfer
TXN-EA33360C57,ACCT-1011,2026-06-03T21:15:40,281.04,Willow Bend Textiles,card_payment
TXN-21A9CD9F4E,ACCT-1034,2026-06-03T21:33:34,636.05,Silver Creek Farms,ach_transfer
TXN-988EE423AA,ACCT-1021,2026-06-03T21:52:13,2749.99,Cedar Point Electronics,cash_deposit
TXN-B88F3855BF,ACCT-1009,2026-06-03T21:58:28,2740.13,Silver Creek Farms,card_payment
TXN-8FCE80F4D3,ACCT-1058,2026-06-03T22:06:04,460.45,Acme Retail Corp,ach_transfer
TXN-E6B84242DA,ACCT-1002,2026-06-03T22:36:30,495.39,Metro Utilities Co,ach_transfer
TXN-09DC71C3A6,ACCT-1045,2026-06-03T22:37:30,1087.19,Blue Harbor Supplies,cash_withdrawal
TXN-44355295C1,ACCT-1036,2026-06-03T23:19:28,284.88,Riverside Grocers,card_payment
TXN-663111A792,ACCT-1054,2026-06-03T23:24:41,370.8,Metro Utilities Co,wire_transfer
TXN-8C84D4A8E2,ACCT-1055,2026-06-03T23:51:39,925.94,Crestwood Dental Group,ach_transfer
TXN-BCA33186A5,ACCT-1012,2026-06-04T00:12:17,1451.8,Silver Creek Farms,cash_deposit
TXN-3CCECA303F,ACCT-1003,2026-06-04T00:19:23,190.88,Metro Utilities Co,cash_deposit
TXN-927CADBBA7,ACCT-1034,2026-06-04T00:43:40,609.54,Falcon Freight Inc,card_payment
TXN-0F17E5D0AB,ACCT-1025,2026-06-04T01:28:30,759.97,Union Hardware,cash_deposit
TXN-8414B57B29,ACCT-1052,2026-06-04T01:43:59,833.53,Cedar Point Electronics,ach_transfer
TXN-B7E01ADFE9,ACCT-1052,2026-06-04T01:47:16,602.83,Northgate Pharmacy,ach_transfer
TXN-288D22C583,ACCT-1007,2026-06-04T02:17:45,421.29,Falcon Freight Inc,cash_withdrawal
TXN-302F4D2100,ACCT-1027,2026-06-04T02:41:01,204.36,Everett Consulting Group,card_payment
TXN-FD6231EAD8,ACCT-1028,2026-06-04T02:42:31,676.19,Palmdale Auto Parts,ach_transfer
TXN-85649D1D3E,ACCT-1059,2026-06-04T02:51:10,368.1,Maple Street Cafe,card_payment
TXN-53C9D80E9D,ACCT-1024,2026-06-04T02:51:12,591.65,Blue Harbor Supplies,wire_transfer
TXN-6FF989E1C7,ACCT-1048,2026-06-04T02:56:56,392.92,Willow Bend Textiles,cash_withdrawal
TXN-3047DFD6BD,ACCT-1036,2026-06-04T03:05:18,602.87,Harbor View Realty,wire_transfer
TXN-1ECE807B60,ACCT-1019,2026-06-04T03:17:43,332.13,Silver Creek Farms,ach_transfer
TXN-F153A611B6,ACCT-1036,2026-06-04T03:35:24,526.4,Ironclad Security LLC,cash_withdrawal
TXN-476BE1ACF4,ACCT-1059,2026-06-04T04:36:17,210.63,Northgate Pharmacy,card_payment
TXN-82F420DE40,ACCT-1038,2026-06-04T04:39:48,315.11,Falcon Freight Inc,card_payment
TXN-28C471535B,ACCT-1032,2026-06-04T05:01:16,285.22,Harbor View Realty,ach_transfer
TXN-46DC39C263,ACCT-1003,2026-06-04T05:13:22,346.77,Greenfield Logistics,wire_transfer
TXN-4ABA35E0D9,ACCT-1036,2026-06-04T05:16:22,1916.66,Harbor View Realty,cash_deposit
TXN-39E71987C9,ACCT-1035,2026-06-04T05:28:38,205.52,Willow Bend Textiles,ach_transfer
TXN-19657F2A61,ACCT-1057,2026-06-04T05:49:36,750.14,Union Hardware,card_payment
TXN-F845E0B6BC,ACCT-1002,2026-06-04T05:50:56,964.17,Sunrise Bakery,card_payment
TXN-2760A4E8E5,ACCT-1000,2026-06-04T05:52:03,338.84,Lakeside Medical Supply,ach_transfer
TXN-49DECEDBB9,ACCT-1002,2026-06-04T06:04:10,776.78,Riverside Grocers,cash_deposit
TXN-FDC6214C69,ACCT-1040,2026-06-04T06:09:50,2456.15,Sunrise Bakery,card_payment
TXN-971082838F,ACCT-1059,2026-06-04T06:35:23,474.63,Metro Utilities Co,cash_deposit
TXN-3F9BF62A95,ACCT-1018,2026-06-04T06:40:04,292.06,Willow Bend Textiles,ach_transfer
TXN-2C08DFB911,ACCT-1054,2026-06-04T06:51:08,729.75,Silver Creek Farms,ach_transfer
TXN-81AA8DE11D,ACCT-1024,2026-06-04T07:04:17,849.2,Cedar Point Electronics,ach_transfer
TXN-6D4A15A7E0,ACCT-1030,2026-06-04T08:09:09,605.03,Greenfield Logistics,wire_transfer
TXN-236DF90798,ACCT-1016,2026-06-04T08:09:53,297.82,Bright Path Insurance,wire_transfer
TXN-78C78B2E37,ACCT-1009,2026-06-04T08:27:34,1605.41,Maple Street Cafe,card_payment
TXN-C0ACB6BBDB,ACCT-1003,2026-06-04T08:37:34,243.99,Metro Utilities Co,cash_withdrawal
TXN-59C4B1B133,ACCT-1053,2026-06-04T08:45:20,1045.95,Silver Creek Farms,ach_transfer
TXN-55DB90CB5E,ACCT-1055,2026-06-04T08:55:16,215.66,Ironclad Security LLC,wire_transfer
TXN-7420585E4E,ACCT-1034,2026-06-04T09:08:56,374.18,Willow Bend Textiles,cash_deposit
TXN-EDB173DD2A,ACCT-1026,2026-06-04T09:10:49,608.9,Union Hardware,cash_deposit
TXN-E8AC254084,ACCT-1003,2026-06-04T09:12:13,654.25,Palmdale Auto Parts,ach_transfer
TXN-76DC012DE0,ACCT-1036,2026-06-04T09:16:50,723.35,Sunrise Bakery,wire_transfer
TXN-05CCDC378B,ACCT-1007,2026-06-04T09:24:24,455.01,Lakeside Medical Supply,card_payment
TXN-5F644B6B5C,ACCT-1030,2026-06-04T09:57:28,644.06,Riverside Grocers,card_payment
TXN-331FB76DA6,ACCT-1059,2026-06-04T10:00:15,581.21,Union Hardware,cash_withdrawal
TXN-02AEFF2545,ACCT-1029,2026-06-04T10:07:37,2135.39,Greenfield Logistics,cash_withdrawal
TXN-7CDBD2D984,ACCT-1008,2026-06-04T10:29:58,1509.56,Lakeside Medical Supply,ach_transfer
TXN-7E77D7B090,ACCT-1002,2026-06-04T10:36:57,327.25,Everett Consulting Group,card_payment
TXN-FCB04B85D0,ACCT-1050,2026-06-04T10:57:23,939.12,Union Hardware,ach_transfer
TXN-278D88E8AD,ACCT-1035,2026-06-04T11:13:15,276.8,Willow Bend Textiles,cash_deposit
TXN-3F346CCBAA,ACCT-1021,2026-06-04T11:28:18,1638.23,Acme Retail Corp,cash_deposit
TXN-AC7413CD81,ACCT-1046,2026-06-04T11:34:15,494.3,Ironclad Security LLC,card_payment
TXN-51AD000FCF,ACCT-1007,2026-06-04T11:35:01,842.4,Metro Utilities Co,wire_transfer
TXN-A47D816315,ACCT-1049,2026-06-04T11:47:28,392.62,Palmdale Auto Parts,cash_withdrawal
TXN-26295F8EC2,ACCT-1059,2026-06-04T11:53:48,274.32,Falcon Freight Inc,cash_withdrawal
TXN-F1C03D05EB,ACCT-1010,2026-06-04T12:17:50,329.86,Cedar Point Electronics,wire_transfer
TXN-2FDD0E95CB,ACCT-1051,2026-06-04T12:33:44,306.62,Metro Utilities Co,card_payment
TXN-89CBECF401,ACCT-1040,2026-06-04T12:33:55,523.02,Bright Path Insurance,card_payment
TXN-2F83C1E7E2,ACCT-1030,2026-06-04T12:50:05,331.94,Maple Street Cafe,card_payment
TXN-33623FA802,ACCT-1006,2026-06-04T12:50:43,388.02,Greenfield Logistics,cash_deposit
TXN-3F3BA82BA9,ACCT-1023,2026-06-04T12:50:54,58.55,Crestwood Dental Group,wire_transfer
TXN-B25EB7BC66,ACCT-1014,2026-06-04T13:01:24,1028.3,Falcon Freight Inc,card_payment
TXN-A9536FDE55,ACCT-1048,2026-06-04T13:25:21,596.87,Palmdale Auto Parts,wire_transfer
TXN-FA16CBD3C2,ACCT-1019,2026-06-04T13:30:07,447.18,Harbor View Realty,cash_deposit
TXN-A33BD4FF9C,ACCT-1049,2026-06-04T13:47:22,573.97,Riverside Grocers,ach_transfer
TXN-14477976E2,ACCT-1031,2026-06-04T13:47:24,427.43,Sunrise Bakery,wire_transfer
TXN-828CBBAF39,ACCT-1046,2026-06-04T13:50:23,1172.47,Cedar Point Electronics,card_payment
TXN-A281E10DF7,ACCT-1050,2026-06-04T13:50:37,193.57,Falcon Freight Inc,ach_transfer
TXN-BDE5D1E563,ACCT-1037,2026-06-04T14:18:26,931.88,Metro Utilities Co,card_payment
TXN-F3481F06E8,ACCT-1018,2026-06-04T14:39:49,89.73,Maple Street Cafe,cash_withdrawal
TXN-E8C69847BB,ACCT-1032,2026-06-04T14:42:46,468.6,Silver Creek Farms,card_payment
TXN-FF0584336F,ACCT-1058,2026-06-04T14:58:58,1158.38,Everett Consulting Group,ach_transfer
TXN-C73AED2655,ACCT-1051,2026-06-04T15:09:41,1040.17,Blue Harbor Supplies,ach_transfer
TXN-36DE665114,ACCT-1000,2026-06-04T15:26:16,617.66,Union Hardware,cash_deposit
TXN-F5FBE27B66,ACCT-1035,2026-06-04T15:28:51,140.85,Greenfield Logistics,wire_transfer
TXN-D7D305AF52,ACCT-1051,2026-06-04T15:31:58,603.22,Crestwood Dental Group,cash_withdrawal
TXN-C29A52F2A3,ACCT-1007,2026-06-04T15:36:29,265.42,Union Hardware,ach_transfer
TXN-9A2E94A3DE,ACCT-1025,2026-06-04T15:53:44,806.5,Ironclad Security LLC,cash_deposit
TXN-0DFB36600E,ACCT-1009,2026-06-04T15:57:52,316.16,Cedar Point Electronics,wire_transfer
TXN-4B1E8E9F50,ACCT-1051,2026-06-04T16:14:35,1419.51,Bright Path Insurance,ach_transfer
TXN-F7C793844E,ACCT-1026,2026-06-04T16:16:09,995.47,Palmdale Auto Parts,cash_deposit
TXN-E591C70DEB,ACCT-1058,2026-06-04T16:20:12,107.38,Falcon Freight Inc,card_payment
TXN-ACAED4ACDE,ACCT-1022,2026-06-04T16:30:47,776.02,Blue Harbor Supplies,ach_transfer
TXN-7A355F1D9B,ACCT-1021,2026-06-04T17:05:02,846.79,Willow Bend Textiles,wire_transfer
TXN-82C4786F29,ACCT-1017,2026-06-04T17:17:54,437.63,Sunrise Bakery,wire_transfer
TXN-A21509E83F,ACCT-1031,2026-06-04T17:29:57,566.39,Bright Path Insurance,ach_transfer
TXN-FCEC7A6D73,ACCT-1054,2026-06-04T17:34:05,390.2,Cedar Point Electronics,ach_transfer
TXN-A1C7D7028C,ACCT-1019,2026-06-04T17:35:39,681.68,Palmdale Auto Parts,wire_transfer
TXN-3C68D82E06,ACCT-1052,2026-06-04T17:43:42,1624.75,Falcon Freight Inc,card_payment
TXN-B66DDABA58,ACCT-1032,2026-06-04T17:44:03,2426.67,Silver Creek Farms,ach_transfer
TXN-0C52595963,ACCT-1007,2026-06-04T17:45:54,598.87,Blue Harbor Supplies,ach_transfer
TXN-877E81135F,ACCT-1005,2026-06-04T17:47:25,566.11,Palmdale Auto Parts,ach_transfer
TXN-0ECF87711D,ACCT-1039,2026-06-04T17:57:48,252.34,Union Hardware,wire_transfer
TXN-FD6C76690B,ACCT-1013,2026-06-04T18:22:03,835.29,Lakeside Medical Supply,card_payment
TXN-66B199FCD6,ACCT-1054,2026-06-04T18:31:57,476.38,Falcon Freight Inc,wire_transfer
TXN-EA9335B500,ACCT-1052,2026-06-04T18:44:15,146.19,Greenfield Logistics,card_payment
TXN-52582DCA79,ACCT-1030,2026-06-04T18:44:52,489.79,Sunrise Bakery,card_payment
TXN-B0EFFF40B5,ACCT-1020,2026-06-04T18:45:01,899.29,Crestwood Dental Group,ach_transfer
TXN-3F792D27ED,ACCT-1013,2026-06-04T19:01:15,958.16,Acme Retail Corp,cash_withdrawal
TXN-A34CB2579C,ACCT-1009,2026-06-04T19:04:06,1850.8,Harbor View Realty,wire_transfer
TXN-B2C23E6506,ACCT-1024,2026-06-04T19:29:26,319.28,Metro Utilities Co,wire_transfer
TXN-D394F2CC46,ACCT-1041,2026-06-04T19:33:48,298.67,Ironclad Security LLC,wire_transfer
TXN-75784F7A65,ACCT-1018,2026-06-04T20:01:22,658.51,Cedar Point Electronics,card_payment
TXN-7CF20C2422,ACCT-1048,2026-06-04T20:01:48,727.77,Sunrise Bakery,cash_deposit
TXN-595785B66F,ACCT-1032,2026-06-04T20:02:58,599.68,Palmdale Auto Parts,cash_deposit
TXN-8CB13D115A,ACCT-1017,2026-06-04T20:20:58,1729.57,Willow Bend Textiles,ach_transfer
TXN-4AE6A47F64,ACCT-1026,2026-06-04T20:28:16,675.65,Riverside Grocers,wire_transfer
TXN-F760B70FAE,ACCT-1059,2026-06-04T20:30:49,232.91,Harbor View Realty,ach_transfer
TXN-C1EAF5BD3F,ACCT-1014,2026-06-04T20:54:17,361.78,Acme Retail Corp,cash_deposit
TXN-4D65AE523F,ACCT-1025,2026-06-04T20:56:59,360.18,Bright Path Insurance,cash_deposit
TXN-49475AD1A2,ACCT-1047,2026-06-04T21:03:23,987.15,Cedar Point Electronics,ach_transfer
TXN-8BF6B7D21A,ACCT-1012,2026-06-04T21:07:37,1834.44,Greenfield Logistics,card_payment
TXN-D42E7432B0,ACCT-1006,2026-06-04T21:10:13,411.26,Lakeside Medical Supply,cash_withdrawal
TXN-AC2DC94293,ACCT-1049,2026-06-04T21:16:12,1220.86,Falcon Freight Inc,ach_transfer
TXN-718DBE0B81,ACCT-1034,2026-06-04T21:30:31,535.7,Bright Path Insurance,ach_transfer
TXN-B5AF7F09DD,ACCT-1050,2026-06-04T21:47:12,867.51,Cedar Point Electronics,cash_deposit
TXN-11A1B82C0F,ACCT-1054,2026-06-04T21:49:26,200.86,Maple Street Cafe,card_payment
TXN-2222D4EA6C,ACCT-1011,2026-06-04T22:13:40,511.66,Maple Street Cafe,card_payment
TXN-E5A1DEACF9,ACCT-1020,2026-06-04T22:24:56,714.96,Silver Creek Farms,card_payment
TXN-124D6449A4,ACCT-1013,2026-06-04T22:24:56,478.9,Willow Bend Textiles,cash_deposit
TXN-B03073BC69,ACCT-1021,2026-06-04T22:27:14,1091.18,Palmdale Auto Parts,ach_transfer
TXN-36DBE578B2,ACCT-1025,2026-06-04T22:31:03,1585.24,Greenfield Logistics,ach_transfer
TXN-C5F1B68526,ACCT-1031,2026-06-04T23:42:05,688.71,Crestwood Dental Group,card_payment
TXN-B3CBB5FB5B,ACCT-1001,2026-06-05T00:22:59,1035.77,Blue Harbor Supplies,wire_transfer
TXN-76E2E5AEE5,ACCT-1003,2026-06-05T00:34:42,870.19,Greenfield Logistics,card_payment
TXN-98AA6EEC04,ACCT-1023,2026-06-05T00:47:17,1750.21,Blue Harbor Supplies,card_payment
TXN-BFC607DB16,ACCT-1053,2026-06-05T00:52:26,1739.0,Sunrise Bakery,cash_withdrawal
TXN-9FFA195FBA,ACCT-1051,2026-06-05T01:04:54,458.8,Riverside Grocers,card_payment
TXN-E725E7AC21,ACCT-1029,2026-06-05T01:11:38,122.02,Metro Utilities Co,card_payment
TXN-217A5F8D76,ACCT-1006,2026-06-05T01:28:49,485.98,Northgate Pharmacy,card_payment
TXN-847EB5962D,ACCT-1012,2026-06-05T01:32:40,304.18,Sunrise Bakery,cash_withdrawal
TXN-0467802DDA,ACCT-1056,2026-06-05T01:58:11,509.89,Metro Utilities Co,ach_transfer
TXN-FBFE54EA19,ACCT-1051,2026-06-05T02:07:30,317.81,Silver Creek Farms,cash_deposit
TXN-A5961D03B7,ACCT-1027,2026-06-05T02:15:34,1575.34,Acme Retail Corp,card_payment
TXN-70EC421AB8,ACCT-1024,2026-06-05T03:09:00,262.79,Silver Creek Farms,ach_transfer
TXN-E685FB5D82,ACCT-1059,2026-06-05T03:23:38,406.64,Acme Retail Corp,ach_transfer
TXN-D4EAD08B2C,ACCT-1044,2026-06-05T03:47:18,1300.49,Metro Utilities Co,ach_transfer
TXN-E4001B7DC4,ACCT-1050,2026-06-05T03:51:43,897.98,Palmdale Auto Parts,cash_deposit
TXN-D23B771AEB,ACCT-1052,2026-06-05T03:53:29,849.05,Cedar Point Electronics,wire_transfer
TXN-BA8140D622,ACCT-1058,2026-06-05T03:58:43,304.03,Blue Harbor Supplies,cash_deposit
TXN-069FE03D3F,ACCT-1014,2026-06-05T04:01:26,1190.36,Cedar Point Electronics,cash_withdrawal
TXN-45E2BAAEFC,ACCT-1017,2026-06-05T04:10:18,802.39,Greenfield Logistics,card_payment
TXN-F453752E85,ACCT-1025,2026-06-05T04:17:11,119.39,Maple Street Cafe,cash_deposit
TXN-512D1B79ED,ACCT-1040,2026-06-05T04:30:33,730.94,Willow Bend Textiles,ach_transfer
TXN-4F48A4CD67,ACCT-1047,2026-06-05T05:27:53,1677.64,Willow Bend Textiles,ach_transfer
TXN-E3CE2E63B9,ACCT-1005,2026-06-05T05:28:51,203.15,Falcon Freight Inc,cash_deposit
TXN-E2825C0E1C,ACCT-1059,2026-06-05T05:49:09,741.89,Everett Consulting Group,wire_transfer
TXN-BB77D4F524,ACCT-1049,2026-06-05T06:06:19,693.05,Maple Street Cafe,wire_transfer
TXN-626420DA4A,ACCT-1030,2026-06-05T06:10:12,1063.39,Blue Harbor Supplies,cash_deposit
TXN-53BC1925EC,ACCT-1050,2026-06-05T06:14:14,448.62,Maple Street Cafe,card_payment
TXN-620FBFCD26,ACCT-1056,2026-06-05T06:54:44,687.93,Northgate Pharmacy,wire_transfer
TXN-827BABB111,ACCT-1049,2026-06-05T06:55:38,320.89,Riverside Grocers,card_payment
TXN-31B5E14D49,ACCT-1058,2026-06-05T07:13:34,496.57,Northgate Pharmacy,ach_transfer
TXN-CCC71BB5CD,ACCT-1016,2026-06-05T07:18:41,487.36,Ironclad Security LLC,card_payment
TXN-C0B2A6CE55,ACCT-1050,2026-06-05T07:21:02,775.53,Bright Path Insurance,cash_withdrawal
TXN-3A28069C10,ACCT-1014,2026-06-05T07:27:25,596.39,Union Hardware,cash_withdrawal
TXN-80DBE5FB7D,ACCT-1008,2026-06-05T07:27:32,1304.87,Sunrise Bakery,cash_deposit
TXN-67B55BC01C,ACCT-1057,2026-06-05T08:00:00,29249.12,Bright Path Insurance,cash_deposit
TXN-DF5DDC42FE,ACCT-1032,2026-06-05T08:07:01,913.52,Blue Harbor Supplies,ach_transfer
TXN-3485C8FDE4,ACCT-1036,2026-06-05T08:16:27,452.01,Riverside Grocers,cash_withdrawal
TXN-D9931C659F,ACCT-1020,2026-06-05T08:16:57,142.01,Acme Retail Corp,cash_withdrawal
TXN-A2CB27FA29,ACCT-1033,2026-06-05T08:54:53,595.85,Metro Utilities Co,ach_transfer
TXN-A4AACBDDEF,ACCT-1001,2026-06-05T09:02:33,1910.89,Acme Retail Corp,card_payment
TXN-C5C345B415,ACCT-1028,2026-06-05T09:04:40,599.22,Blue Harbor Supplies,card_payment
TXN-A72B913BCC,ACCT-1058,2026-06-05T09:12:25,729.16,Maple Street Cafe,wire_transfer
TXN-415F49DD96,ACCT-1004,2026-06-05T09:12:59,921.53,Sunrise Bakery,cash_deposit
TXN-65844EA898,ACCT-1036,2026-06-05T09:14:56,396.49,Acme Retail Corp,wire_transfer
TXN-84EC6D9877,ACCT-1000,2026-06-05T09:37:26,1504.64,Harbor View Realty,card_payment
TXN-E880B07DFA,ACCT-1013,2026-06-05T09:39:48,296.8,Ironclad Security LLC,cash_deposit
TXN-1F9E063195,ACCT-1031,2026-06-05T09:43:30,775.7,Greenfield Logistics,card_payment
TXN-79CA52AFF3,ACCT-1021,2026-06-05T09:51:34,708.79,Falcon Freight Inc,cash_deposit
TXN-593C120A9A,ACCT-1046,2026-06-05T10:26:28,123.59,Union Hardware,cash_withdrawal
TXN-9A21A5D4AD,ACCT-1058,2026-06-05T10:28:41,518.85,Northgate Pharmacy,ach_transfer
TXN-D1ED6A6C65,ACCT-1001,2026-06-05T10:29:50,181.91,Maple Street Cafe,ach_transfer
TXN-6BA729E4DB,ACCT-1052,2026-06-05T10:52:31,1063.66,Blue Harbor Supplies,cash_withdrawal
TXN-D376B53E10,ACCT-1026,2026-06-05T10:57:42,1673.9,Greenfield Logistics,ach_transfer
TXN-DC1EC0FD51,ACCT-1031,2026-06-05T10:59:55,267.36,Crestwood Dental Group,card_payment
TXN-92775774B7,ACCT-1055,2026-06-05T11:08:34,314.66,Riverside Grocers,wire_transfer
TXN-E2E79A1A41,ACCT-1030,2026-06-05T11:29:52,442.8,Acme Retail Corp,cash_withdrawal
TXN-386E3BF0D5,ACCT-1036,2026-06-05T11:51:32,697.37,Greenfield Logistics,card_payment
TXN-9F15A67EA6,ACCT-1022,2026-06-05T11:52:05,191.15,Willow Bend Textiles,card_payment
TXN-5E364F5FFE,ACCT-1042,2026-06-05T11:54:12,1537.72,Harbor View Realty,ach_transfer
TXN-BA454153E5,ACCT-1013,2026-06-05T11:56:21,597.53,Lakeside Medical Supply,ach_transfer
TXN-0B550DB0E6,ACCT-1040,2026-06-05T12:14:40,438.34,Bright Path Insurance,ach_transfer
TXN-1995B6410E,ACCT-1002,2026-06-05T12:19:53,558.35,Sunrise Bakery,ach_transfer
TXN-B7EBA75DB3,ACCT-1016,2026-06-05T12:25:38,715.04,Falcon Freight Inc,ach_transfer
TXN-6D3AB2F2FB,ACCT-1023,2026-06-05T12:27:55,584.33,Maple Street Cafe,card_payment
TXN-2F3F66FB64,ACCT-1054,2026-06-05T12:35:19,1672.44,Northgate Pharmacy,card_payment
TXN-BCE5C1EA48,ACCT-1047,2026-06-05T12:38:25,74.55,Falcon Freight Inc,ach_transfer
TXN-8233F3E085,ACCT-1042,2026-06-05T12:46:35,348.4,Harbor View Realty,cash_deposit
TXN-B569986797,ACCT-1006,2026-06-05T12:48:32,42.18,Greenfield Logistics,ach_transfer
TXN-B0E6DE7974,ACCT-1034,2026-06-05T13:16:50,1204.44,Blue Harbor Supplies,wire_transfer
TXN-2FF34F66C8,ACCT-1024,2026-06-05T13:28:15,372.23,Blue Harbor Supplies,cash_deposit
TXN-9B48EEC52F,ACCT-1006,2026-06-05T13:30:19,937.93,Bright Path Insurance,card_payment
TXN-300241CABB,ACCT-1046,2026-06-05T13:36:55,221.03,Greenfield Logistics,cash_deposit
TXN-753192F502,ACCT-1049,2026-06-05T13:47:20,142.83,Northgate Pharmacy,ach_transfer
TXN-B62CFB80DD,ACCT-1020,2026-06-05T13:49:08,209.57,Sunrise Bakery,ach_transfer
TXN-E6551AC76F,ACCT-1006,2026-06-05T13:54:35,1887.83,Silver Creek Farms,cash_withdrawal
TXN-B5C2AD0DA7,ACCT-1005,2026-06-05T14:00:00,926.21,Northwind Fictitious Holdings,wire_transfer
TXN-FDBF0367C6,ACCT-1012,2026-06-05T14:15:26,966.34,Ironclad Security LLC,wire_transfer
TXN-0ACB52EAA1,ACCT-1008,2026-06-05T14:20:29,328.22,Palmdale Auto Parts,wire_transfer
TXN-2A7ACAB280,ACCT-1023,2026-06-05T14:26:21,262.55,Metro Utilities Co,cash_deposit
TXN-9D3A5846F6,ACCT-1023,2026-06-05T15:03:55,424.11,Northgate Pharmacy,ach_transfer
TXN-CEFDA01D78,ACCT-1034,2026-06-05T16:00:08,1179.29,Riverside Grocers,cash_withdrawal
TXN-F851A386AB,ACCT-1032,2026-06-05T16:13:50,413.35,Northgate Pharmacy,cash_deposit
TXN-E11ABFA420,ACCT-1050,2026-06-05T16:29:18,197.76,Acme Retail Corp,card_payment
TXN-EEDDED4906,ACCT-1006,2026-06-05T16:38:17,814.09,Lakeside Medical Supply,wire_transfer
TXN-50770A1A59,ACCT-1030,2026-06-05T16:53:19,682.87,Falcon Freight Inc,ach_transfer
TXN-388D8B1E6D,ACCT-1004,2026-06-05T16:53:37,442.31,Acme Retail Corp,wire_transfer
TXN-F77133FCF2,ACCT-1020,2026-06-05T16:57:28,104.87,Bright Path Insurance,cash_withdrawal
TXN-25881F2CC9,ACCT-1005,2026-06-05T17:24:26,248.88,Greenfield Logistics,cash_withdrawal
TXN-FB8F28F44A,ACCT-1041,2026-06-05T17:34:39,620.49,Sunrise Bakery,ach_transfer
TXN-F8FCE43CA3,ACCT-1034,2026-06-05T17:35:52,375.95,Blue Harbor Supplies,ach_transfer
TXN-4507F231F1,ACCT-1048,2026-06-05T17:39:20,231.89,Harbor View Realty,card_payment
TXN-627F876E19,ACCT-1042,2026-06-05T18:18:47,539.48,Willow Bend Textiles,cash_deposit
TXN-E76254CCA8,ACCT-1024,2026-06-05T18:31:35,606.52,Cedar Point Electronics,ach_transfer
TXN-81F0F1869F,ACCT-1026,2026-06-05T18:50:54,1329.88,Riverside Grocers,cash_deposit
TXN-73BEA586D6,ACCT-1040,2026-06-05T19:15:42,1786.47,Everett Consulting Group,card_payment
TXN-E5186B5A38,ACCT-1014,2026-06-05T19:16:28,577.64,Harbor View Realty,cash_deposit
TXN-5045148498,ACCT-1043,2026-06-05T20:08:08,1572.98,Willow Bend Textiles,cash_withdrawal
TXN-01C75B163B,ACCT-1026,2026-06-05T20:50:46,294.15,Metro Utilities Co,ach_transfer
TXN-3336AA93D5,ACCT-1017,2026-06-05T21:09:29,1803.49,Everett Consulting Group,card_payment
TXN-FFC53D9376,ACCT-1013,2026-06-05T21:42:21,195.95,Everett Consulting Group,card_payment
TXN-D98498FC63,ACCT-1042,2026-06-05T21:46:58,412.61,Sunrise Bakery,card_payment
TXN-72427A3A8E,ACCT-1056,2026-06-05T22:35:33,934.91,Harbor View Realty,cash_deposit
TXN-16C8EF56A5,ACCT-1048,2026-06-05T22:57:56,1106.93,Greenfield Logistics,ach_transfer
TXN-F72549B2E6,ACCT-1044,2026-06-05T23:32:51,1723.56,Ironclad Security LLC,card_payment
TXN-5556E7493E,ACCT-1002,2026-06-06T00:03:14,1428.78,Maple Street Cafe,card_payment
TXN-4AF9EE070B,ACCT-1021,2026-06-06T00:07:42,250.26,Lakeside Medical Supply,cash_withdrawal
TXN-DA46A0B9DB,ACCT-1014,2026-06-06T00:27:52,301.32,Silver Creek Farms,wire_transfer
TXN-71FE663E88,ACCT-1003,2026-06-06T00:38:26,861.69,Maple Street Cafe,ach_transfer
TXN-81EB18C357,ACCT-1014,2026-06-06T00:41:18,655.32,Sunrise Bakery,ach_transfer
TXN-D62E09BD0B,ACCT-1028,2026-06-06T00:51:19,275.18,Riverside Grocers,wire_transfer
TXN-C845D6E3C8,ACCT-1006,2026-06-06T01:11:19,591.49,Lakeside Medical Supply,cash_withdrawal
TXN-065B44CB88,ACCT-1054,2026-06-06T01:16:04,226.98,Greenfield Logistics,cash_deposit
TXN-1EB8735D85,ACCT-1043,2026-06-06T01:17:29,563.37,Falcon Freight Inc,wire_transfer
TXN-B1577B2380,ACCT-1040,2026-06-06T01:38:22,727.88,Northgate Pharmacy,wire_transfer
TXN-106385406D,ACCT-1025,2026-06-06T01:54:20,294.04,Lakeside Medical Supply,card_payment
TXN-B191C4799C,ACCT-1041,2026-06-06T01:58:06,658.14,Northgate Pharmacy,ach_transfer
TXN-A2742CF714,ACCT-1003,2026-06-06T02:29:30,124.62,Northgate Pharmacy,card_payment
TXN-438ADF084F,ACCT-1008,2026-06-06T02:37:06,318.17,Bright Path Insurance,card_payment
TXN-CB76107A0E,ACCT-1025,2026-06-06T02:41:10,659.46,Silver Creek Farms,ach_transfer
TXN-C3EC603ACD,ACCT-1048,2026-06-06T02:48:47,884.45,Sunrise Bakery,card_payment
TXN-E012F8D73A,ACCT-1045,2026-06-06T02:50:48,543.52,Crestwood Dental Group,wire_transfer
TXN-AE65A9B772,ACCT-1037,2026-06-06T03:05:42,1009.59,Falcon Freight Inc,ach_transfer
TXN-6C421F186D,ACCT-1051,2026-06-06T03:06:37,1363.9,Palmdale Auto Parts,ach_transfer
TXN-D8F903F009,ACCT-1005,2026-06-06T03:34:04,290.76,Blue Harbor Supplies,cash_withdrawal
TXN-F32E1FEF39,ACCT-1034,2026-06-06T03:47:26,59.56,Harbor View Realty,cash_withdrawal
TXN-A86FD5F312,ACCT-1033,2026-06-06T04:10:51,488.99,Cedar Point Electronics,cash_deposit
TXN-C3F4FC0798,ACCT-1044,2026-06-06T04:28:29,824.81,Lakeside Medical Supply,ach_transfer
TXN-1210BF9E16,ACCT-1008,2026-06-06T04:29:42,389.68,Union Hardware,wire_transfer
TXN-CD69ACA3DC,ACCT-1031,2026-06-06T05:03:15,290.2,Bright Path Insurance,wire_transfer
TXN-ACF456D35F,ACCT-1020,2026-06-06T05:06:06,151.15,Bright Path Insurance,wire_transfer
TXN-09636421F4,ACCT-1053,2026-06-06T05:10:55,1169.26,Falcon Freight Inc,ach_transfer
TXN-1146E912A9,ACCT-1028,2026-06-06T05:26:57,512.66,Willow Bend Textiles,card_payment
TXN-FF0E8F2992,ACCT-1033,2026-06-06T05:29:51,1058.82,Falcon Freight Inc,ach_transfer
TXN-845FBE6EC8,ACCT-1053,2026-06-06T05:45:57,1021.16,Metro Utilities Co,card_payment
TXN-89AEA90015,ACCT-1008,2026-06-06T06:02:29,973.95,Greenfield Logistics,ach_transfer
TXN-154C87E66D,ACCT-1050,2026-06-06T06:05:01,427.56,Union Hardware,ach_transfer
TXN-0D17A3C195,ACCT-1007,2026-06-06T06:51:45,1204.72,Bright Path Insurance,card_payment
TXN-F4B3E78254,ACCT-1057,2026-06-06T06:57:07,2232.62,Lakeside Medical Supply,cash_withdrawal
TXN-7F8194FF3C,ACCT-1028,2026-06-06T06:59:30,148.16,Ironclad Security LLC,card_payment
TXN-1FCD723EA8,ACCT-1002,2026-06-06T07:03:19,98.39,Lakeside Medical Supply,cash_deposit
TXN-E35831237E,ACCT-1053,2026-06-06T07:05:44,726.6,Bright Path Insurance,ach_transfer
TXN-266ED7CB22,ACCT-1015,2026-06-06T07:06:58,1254.14,Silver Creek Farms,ach_transfer
TXN-CFB5A6A58B,ACCT-1036,2026-06-06T07:37:36,558.27,Riverside Grocers,card_payment
TXN-5A8244D2E6,ACCT-1029,2026-06-06T07:43:30,330.89,Everett Consulting Group,card_payment
TXN-B786098844,ACCT-1002,2026-06-06T07:52:10,424.7,Metro Utilities Co,card_payment
TXN-E5F07696BF,ACCT-1046,2026-06-06T08:05:41,264.18,Metro Utilities Co,ach_transfer
TXN-DB4C4339CB,ACCT-1032,2026-06-06T08:32:57,1008.73,Sunrise Bakery,ach_transfer
TXN-C081932EE8,ACCT-1019,2026-06-06T08:59:40,1179.15,Lakeside Medical Supply,card_payment
TXN-018A538925,ACCT-1014,2026-06-06T09:00:16,722.82,Maple Street Cafe,card_payment
TXN-08B08135A0,ACCT-1057,2026-06-06T09:20:50,411.63,Palmdale Auto Parts,card_payment
TXN-94E1A72B23,ACCT-1007,2026-06-06T09:22:07,41.16,Union Hardware,card_payment
TXN-23C9DAB4A6,ACCT-1024,2026-06-06T09:34:50,2135.37,Metro Utilities Co,cash_withdrawal
TXN-D7FAC051A0,ACCT-1000,2026-06-06T09:44:47,292.91,Northgate Pharmacy,cash_withdrawal
TXN-D648939643,ACCT-1026,2026-06-06T10:17:15,166.46,Lakeside Medical Supply,card_payment
TXN-893AC348F7,ACCT-1030,2026-06-06T10:26:17,874.01,Silver Creek Farms,card_payment
TXN-1D0F790B19,ACCT-1001,2026-06-06T10:27:13,479.17,Crestwood Dental Group,cash_deposit
TXN-4F9A31E047,ACCT-1002,2026-06-06T10:31:53,429.0,Silver Creek Farms,cash_withdrawal
TXN-39156579BB,ACCT-1050,2026-06-06T10:36:17,880.58,Harbor View Realty,wire_transfer
TXN-1734C053D3,ACCT-1033,2026-06-06T10:56:50,800.62,Union Hardware,card_payment
TXN-9F376063E8,ACCT-1033,2026-06-06T10:58:11,898.86,Blue Harbor Supplies,card_payment
TXN-3493D5AB4C,ACCT-1039,2026-06-06T11:32:44,689.93,Maple Street Cafe,cash_withdrawal
TXN-347165D277,ACCT-1056,2026-06-06T11:34:42,110.78,Lakeside Medical Supply,card_payment
TXN-BB85D9B91A,ACCT-1001,2026-06-06T11:57:23,511.22,Metro Utilities Co,ach_transfer
TXN-7D37DC9E15,ACCT-1014,2026-06-06T12:01:07,365.97,Riverside Grocers,card_payment
TXN-0DCE1BC476,ACCT-1016,2026-06-06T12:31:34,708.08,Palmdale Auto Parts,ach_transfer
TXN-CCA8FACDBE,ACCT-1026,2026-06-06T12:41:11,275.96,Lakeside Medical Supply,card_payment
TXN-68423A1CEA,ACCT-1000,2026-06-06T13:28:45,499.1,Palmdale Auto Parts,cash_withdrawal
TXN-83459A28E7,ACCT-1042,2026-06-06T13:41:00,208.09,Willow Bend Textiles,cash_deposit
TXN-BD06C64A60,ACCT-1023,2026-06-06T13:49:28,310.53,Bright Path Insurance,card_payment
TXN-C5F6FCC2BC,ACCT-1043,2026-06-06T13:56:02,352.22,Everett Consulting Group,cash_deposit
TXN-8E0BE1C303,ACCT-1020,2026-06-06T13:58:47,573.23,Willow Bend Textiles,card_payment
TXN-633635933B,ACCT-1032,2026-06-06T13:58:49,427.55,Bright Path Insurance,wire_transfer
TXN-CDCBAAF825,ACCT-1009,2026-06-06T14:00:16,563.29,Palmdale Auto Parts,wire_transfer
TXN-94B2749E6D,ACCT-1005,2026-06-06T14:07:37,267.23,Cedar Point Electronics,cash_deposit
TXN-C9CA010500,ACCT-1012,2026-06-06T14:08:10,368.58,Northgate Pharmacy,wire_transfer
TXN-501DAE9A83,ACCT-1003,2026-06-06T14:38:00,921.13,Willow Bend Textiles,card_payment
TXN-B61D1AA689,ACCT-1017,2026-06-06T14:42:03,634.13,Palmdale Auto Parts,cash_withdrawal
TXN-79B9D99F59,ACCT-1010,2026-06-06T14:58:08,2061.97,Lakeside Medical Supply,cash_withdrawal
TXN-4869364F58,ACCT-1006,2026-06-06T15:08:29,837.85,Ironclad Security LLC,card_payment
TXN-8116CB6331,ACCT-1010,2026-06-06T15:32:07,543.04,Cedar Point Electronics,cash_deposit
TXN-C08FA84632,ACCT-1052,2026-06-06T15:47:50,835.2,Silver Creek Farms,wire_transfer
TXN-25C4AECA25,ACCT-1037,2026-06-06T16:01:05,1770.59,Crestwood Dental Group,ach_transfer
TXN-EEFE1ACFB2,ACCT-1031,2026-06-06T16:14:16,198.58,Metro Utilities Co,card_payment
TXN-60A2A51782,ACCT-1008,2026-06-06T16:51:41,351.93,Blue Harbor Supplies,card_payment
TXN-00BAB64199,ACCT-1017,2026-06-06T17:14:40,1238.74,Union Hardware,card_payment
TXN-56F2EB7F73,ACCT-1056,2026-06-06T17:38:21,472.07,Metro Utilities Co,cash_deposit
TXN-584654A9A9,ACCT-1015,2026-06-06T17:38:28,366.24,Harbor View Realty,cash_withdrawal
TXN-CC54EC5B41,ACCT-1049,2026-06-06T17:41:16,1166.59,Bright Path Insurance,card_payment
TXN-C36ACE914C,ACCT-1027,2026-06-06T17:56:46,964.09,Everett Consulting Group,ach_transfer
TXN-6D3323C9D1,ACCT-1053,2026-06-06T17:57:03,654.91,Metro Utilities Co,cash_deposit
TXN-9EA3ADE92E,ACCT-1008,2026-06-06T18:03:58,341.24,Riverside Grocers,card_payment
TXN-6300FCA473,ACCT-1049,2026-06-06T18:06:26,590.29,Blue Harbor Supplies,cash_deposit
TXN-3C6468F2C4,ACCT-1044,2026-06-06T18:12:12,147.48,Union Hardware,card_payment
TXN-E745AECB28,ACCT-1020,2026-06-06T18:14:07,457.42,Metro Utilities Co,ach_transfer
TXN-A52A183BBF,ACCT-1041,2026-06-06T18:39:10,853.18,Harbor View Realty,ach_transfer
TXN-4F72B9EC40,ACCT-1009,2026-06-06T18:41:07,512.14,Crestwood Dental Group,card_payment
TXN-3FEB11A63D,ACCT-1004,2026-06-06T18:52:44,442.21,Metro Utilities Co,ach_transfer
TXN-DFE8919D02,ACCT-1001,2026-06-06T19:03:04,556.03,Blue Harbor Supplies,ach_transfer
TXN-2A0E21BF6D,ACCT-1036,2026-06-06T19:03:38,871.36,Metro Utilities Co,card_payment
TXN-A9690DA8B0,ACCT-1054,2026-06-06T19:04:49,354.97,Sunrise Bakery,ach_transfer
TXN-1FB68A83CA,ACCT-1005,2026-06-06T19:12:46,397.87,Lakeside Medical Supply,ach_transfer
TXN-473B0AEF23,ACCT-1002,2026-06-06T19:13:08,255.74,Bright Path Insurance,card_payment
TXN-5C33A4602E,ACCT-1017,2026-06-06T19:15:33,1024.76,Acme Retail Corp,card_payment
TXN-7A2E09E0F0,ACCT-1029,2026-06-06T19:17:20,859.38,Bright Path Insurance,ach_transfer
TXN-A0AC75B4C8,ACCT-1043,2026-06-06T19:19:09,2259.76,Ironclad Security LLC,card_payment
TXN-7C0885C680,ACCT-1038,2026-06-06T19:43:32,789.08,Greenfield Logistics,wire_transfer
TXN-2810C574A3,ACCT-1054,2026-06-06T20:05:21,485.53,Cedar Point Electronics,wire_transfer
TXN-AC4370CFFE,ACCT-1002,2026-06-06T20:05:33,1020.88,Union Hardware,wire_transfer
TXN-C0D52D4176,ACCT-1025,2026-06-06T20:22:52,1180.15,Ironclad Security LLC,cash_deposit
TXN-590A0615CB,ACCT-1048,2026-06-06T20:23:45,834.58,Greenfield Logistics,card_payment
TXN-2E9DA17293,ACCT-1024,2026-06-06T20:43:18,427.76,Greenfield Logistics,card_payment
TXN-F4FF116AF3,ACCT-1034,2026-06-06T20:46:53,1151.23,Greenfield Logistics,cash_withdrawal
TXN-E71C3A2533,ACCT-1031,2026-06-06T20:58:17,230.94,Silver Creek Farms,ach_transfer
TXN-5FB8C75694,ACCT-1019,2026-06-06T21:38:50,339.04,Maple Street Cafe,ach_transfer
TXN-2E98AA554E,ACCT-1015,2026-06-06T21:39:04,301.21,Willow Bend Textiles,card_payment
TXN-54787D41D6,ACCT-1035,2026-06-06T22:11:46,441.92,Union Hardware,wire_transfer
TXN-2E522AFC93,ACCT-1027,2026-06-06T22:23:40,284.16,Harbor View Realty,ach_transfer
TXN-4A111FDABE,ACCT-1011,2026-06-06T22:25:28,901.98,Falcon Freight Inc,wire_transfer
TXN-79301638DC,ACCT-1046,2026-06-06T22:28:46,252.54,Cedar Point Electronics,card_payment
TXN-1914AEB122,ACCT-1055,2026-06-06T22:46:01,27.66,Crestwood Dental Group,cash_deposit
TXN-F71BCC10F8,ACCT-1059,2026-06-06T22:51:26,521.6,Northgate Pharmacy,card_payment
TXN-F59CFA7E7B,ACCT-1024,2026-06-06T22:52:19,378.29,Palmdale Auto Parts,card_payment
TXN-887404F301,ACCT-1022,2026-06-06T22:53:17,1258.49,Willow Bend Textiles,wire_transfer
TXN-06B10231B5,ACCT-1026,2026-06-06T23:26:36,394.11,Northgate Pharmacy,cash_withdrawal
TXN-AA148F2F99,ACCT-1033,2026-06-06T23:29:47,963.6,Blue Harbor Supplies,card_payment
TXN-1C18A40AAD,ACCT-1010,2026-06-06T23:39:27,998.07,Maple Street Cafe,card_payment
TXN-B4F7179CF1,ACCT-1051,2026-06-07T00:03:32,426.34,Acme Retail Corp,wire_transfer
TXN-3B2A7F4C72,ACCT-1030,2026-06-07T00:09:55,916.97,Blue Harbor Supplies,cash_withdrawal
TXN-C416B4C48A,ACCT-1013,2026-06-07T00:40:24,929.05,Willow Bend Textiles,ach_transfer
TXN-BF0EDEFD47,ACCT-1020,2026-06-07T00:59:54,658.26,Willow Bend Textiles,wire_transfer
TXN-9927D22A1E,ACCT-1022,2026-06-07T01:03:32,783.58,Falcon Freight Inc,cash_deposit
TXN-F724BBAD94,ACCT-1012,2026-06-07T01:28:16,455.68,Falcon Freight Inc,card_payment
TXN-9CA1DB804E,ACCT-1007,2026-06-07T01:31:51,1202.45,Riverside Grocers,card_payment
TXN-084A529302,ACCT-1042,2026-06-07T01:42:46,1341.74,Sunrise Bakery,cash_withdrawal
TXN-76352F72C4,ACCT-1049,2026-06-07T01:42:55,1325.94,Maple Street Cafe,wire_transfer
TXN-8985D2D67B,ACCT-1057,2026-06-07T01:44:50,530.83,Union Hardware,cash_deposit
TXN-C737D0EA2F,ACCT-1018,2026-06-07T01:52:43,206.89,Blue Harbor Supplies,cash_deposit
TXN-9CA55FFB07,ACCT-1051,2026-06-07T02:22:39,707.16,Acme Retail Corp,card_payment
TXN-F26A1E358B,ACCT-1007,2026-06-07T02:25:08,758.72,Bright Path Insurance,ach_transfer
TXN-1D5BE791A5,ACCT-1051,2026-06-07T02:29:09,626.13,Silver Creek Farms,cash_withdrawal
TXN-9183C7842A,ACCT-1052,2026-06-07T02:43:10,778.32,Northgate Pharmacy,cash_deposit
TXN-8BA3BAFBB6,ACCT-1050,2026-06-07T02:50:07,310.54,Sunrise Bakery,card_payment
TXN-21004A66E3,ACCT-1030,2026-06-07T03:09:16,470.0,Union Hardware,card_payment
TXN-7F2376B3A1,ACCT-1033,2026-06-07T03:21:32,637.69,Willow Bend Textiles,card_payment
TXN-53F7056A21,ACCT-1051,2026-06-07T03:22:19,579.68,Palmdale Auto Parts,card_payment
TXN-8408CAD913,ACCT-1026,2026-06-07T03:22:46,231.77,Riverside Grocers,wire_transfer
TXN-D7D7340213,ACCT-1013,2026-06-07T03:33:21,443.92,Crestwood Dental Group,cash_deposit
TXN-2DBF48FE12,ACCT-1041,2026-06-07T03:42:47,384.93,Bright Path Insurance,card_payment
TXN-AA7DD67DA7,ACCT-1035,2026-06-07T03:53:32,777.44,Falcon Freight Inc,cash_deposit
TXN-2C0DDD7944,ACCT-1056,2026-06-07T04:03:22,1984.77,Blue Harbor Supplies,card_payment
TXN-06859F83DF,ACCT-1027,2026-06-07T04:06:41,1452.7,Willow Bend Textiles,cash_deposit
TXN-631D6E6C34,ACCT-1016,2026-06-07T04:06:55,190.48,Northgate Pharmacy,card_payment
TXN-B18424D7A7,ACCT-1014,2026-06-07T04:07:30,379.0,Harbor View Realty,cash_deposit
TXN-4C6BC81C7C,ACCT-1001,2026-06-07T04:36:27,573.68,Maple Street Cafe,card_payment
TXN-BB441C6A56,ACCT-1022,2026-06-07T04:58:59,284.24,Harbor View Realty,cash_withdrawal
TXN-50194EC10A,ACCT-1021,2026-06-07T05:22:24,1286.23,Palmdale Auto Parts,ach_transfer
TXN-6CADFCC132,ACCT-1045,2026-06-07T05:27:45,304.04,Harbor View Realty,card_payment
TXN-D77FDFBEC8,ACCT-1027,2026-06-07T05:29:10,750.97,Blue Harbor Supplies,cash_withdrawal
TXN-2D33E6B5E9,ACCT-1010,2026-06-07T06:04:03,638.28,Riverside Grocers,cash_deposit
TXN-C7EAE608EC,ACCT-1035,2026-06-07T06:25:43,558.76,Silver Creek Farms,cash_deposit
TXN-9C02E6996C,ACCT-1031,2026-06-07T06:36:42,143.66,Blue Harbor Supplies,cash_deposit
TXN-EA731C9981,ACCT-1008,2026-06-07T06:37:23,1572.12,Maple Street Cafe,ach_transfer
TXN-E8DC42255A,ACCT-1000,2026-06-07T06:44:25,410.52,Riverside Grocers,cash_withdrawal
TXN-66A87EE665,ACCT-1034,2026-06-07T06:52:14,1357.06,Crestwood Dental Group,card_payment
TXN-23653464EA,ACCT-1009,2026-06-07T07:14:22,466.14,Northgate Pharmacy,wire_transfer
TXN-9094F2A5F7,ACCT-1007,2026-06-07T07:15:03,607.35,Blue Harbor Supplies,card_payment
TXN-DC29FC8CCE,ACCT-1032,2026-06-07T07:30:35,990.62,Silver Creek Farms,card_payment
TXN-B45E98C018,ACCT-1018,2026-06-07T07:36:14,357.1,Palmdale Auto Parts,card_payment
TXN-BAB49679FD,ACCT-1029,2026-06-07T07:38:56,149.06,Silver Creek Farms,card_payment
TXN-54FE67FF6F,ACCT-1020,2026-06-07T08:11:20,194.35,Silver Creek Farms,ach_transfer
TXN-1ECE0D5F2A,ACCT-1036,2026-06-07T08:15:29,557.34,Lakeside Medical Supply,card_payment
TXN-A10447F7D4,ACCT-1020,2026-06-07T08:17:32,594.05,Falcon Freight Inc,cash_withdrawal
TXN-AC4FBE5F8F,ACCT-1001,2026-06-07T08:19:35,2060.28,Acme Retail Corp,ach_transfer
TXN-83ADC6081E,ACCT-1019,2026-06-07T08:41:29,499.57,Blue Harbor Supplies,wire_transfer
TXN-4887904A3A,ACCT-1021,2026-06-07T08:53:34,926.96,Blue Harbor Supplies,wire_transfer
TXN-E0FD414C30,ACCT-1014,2026-06-07T08:59:10,925.73,Crestwood Dental Group,card_payment
TXN-3AEC486B6C,ACCT-1022,2026-06-07T09:21:05,944.91,Harbor View Realty,card_payment
TXN-AC503A4069,ACCT-1027,2026-06-07T09:28:01,520.2,Palmdale Auto Parts,cash_withdrawal
TXN-52B910DB57,ACCT-1023,2026-06-07T09:41:31,606.96,Palmdale Auto Parts,card_payment
TXN-6A4548478F,ACCT-1032,2026-06-07T09:51:50,3147.43,Acme Retail Corp,cash_deposit
TXN-5B007CF183,ACCT-1031,2026-06-07T09:52:46,366.35,Crestwood Dental Group,card_payment
TXN-0F1AF52D18,ACCT-1036,2026-06-07T10:14:57,874.07,Everett Consulting Group,card_payment
TXN-635D4216DF,ACCT-1034,2026-06-07T10:23:07,311.84,Harbor View Realty,cash_withdrawal
TXN-D42243D93C,ACCT-1050,2026-06-07T10:41:22,406.18,Everett Consulting Group,cash_withdrawal
TXN-A7A7D2A1B6,ACCT-1008,2026-06-07T11:30:00,145.0,Sunrise Bakery,card_payment
TXN-3CB005589E,ACCT-1044,2026-06-07T11:39:11,319.82,Cedar Point Electronics,wire_transfer
TXN-30950DC624,ACCT-1023,2026-06-07T11:44:48,568.7,Crestwood Dental Group,card_payment
TXN-1DCBE7EC6E,ACCT-1040,2026-06-07T12:11:29,455.76,Willow Bend Textiles,card_payment
TXN-397F9FBCCB,ACCT-1055,2026-06-07T12:28:25,350.81,Northgate Pharmacy,cash_deposit
TXN-9D52D2F46A,ACCT-1050,2026-06-07T12:31:02,987.87,Blue Harbor Supplies,card_payment
TXN-9832527D12,ACCT-1041,2026-06-07T12:32:54,1459.89,Acme Retail Corp,card_payment
TXN-B3F6674840,ACCT-1002,2026-06-07T12:46:30,2644.46,Crestwood Dental Group,cash_deposit
TXN-1361937705,ACCT-1025,2026-06-07T12:52:53,2165.46,Acme Retail Corp,cash_deposit
TXN-5080A67CF0,ACCT-1017,2026-06-07T12:57:58,686.3,Ironclad Security LLC,card_payment
TXN-2F4F4119BC,ACCT-1031,2026-06-07T13:18:10,189.37,Harbor View Realty,card_payment
TXN-30D81B41DC,ACCT-1010,2026-06-07T13:29:23,1089.71,Northgate Pharmacy,card_payment
TXN-5BBC48F193,ACCT-1046,2026-06-07T13:30:50,1464.15,Blue Harbor Supplies,cash_deposit
TXN-27BD1F7061,ACCT-1049,2026-06-07T14:00:00,2791.38,faux global remit demo,ach_transfer
TXN-0EF625A6E0,ACCT-1049,2026-06-07T14:00:00,32800.06,Crestwood Dental Group,wire_transfer
TXN-A8466306A7,ACCT-1014,2026-06-07T14:04:59,253.71,Ironclad Security LLC,card_payment
TXN-294911A590,ACCT-1012,2026-06-07T14:20:03,435.08,Falcon Freight Inc,card_payment
TXN-364A569DDC,ACCT-1034,2026-06-07T14:38:48,1727.2,Falcon Freight Inc,card_payment
TXN-3632A4EBB7,ACCT-1034,2026-06-07T14:44:47,529.17,Lakeside Medical Supply,card_payment
TXN-FF7AED9F1D,ACCT-1010,2026-06-07T14:44:56,662.14,Everett Consulting Group,wire_transfer
TXN-E24F00E2E0,ACCT-1026,2026-06-07T15:05:40,1212.48,Greenfield Logistics,cash_deposit
TXN-5D647DFD08,ACCT-1001,2026-06-07T15:11:34,577.02,Willow Bend Textiles,wire_transfer
TXN-BB1B33EFB1,ACCT-1050,2026-06-07T15:21:31,980.45,Lakeside Medical Supply,cash_deposit
TXN-84EEE723FA,ACCT-1041,2026-06-07T15:24:45,448.85,Cedar Point Electronics,cash_deposit
TXN-FED0B651EC,ACCT-1001,2026-06-07T15:54:34,1417.19,Lakeside Medical Supply,cash_withdrawal
TXN-8E60822713,ACCT-1028,2026-06-07T16:01:15,391.17,Silver Creek Farms,cash_deposit
TXN-4DE3E63B52,ACCT-1035,2026-06-07T16:32:53,747.18,Ironclad Security LLC,card_payment
TXN-57AEF0A7DF,ACCT-1016,2026-06-07T17:03:27,614.58,Maple Street Cafe,ach_transfer
TXN-3D2C5826AD,ACCT-1059,2026-06-07T17:07:58,120.67,Riverside Grocers,ach_transfer
TXN-D643B807A8,ACCT-1042,2026-06-07T17:12:57,270.97,Maple Street Cafe,ach_transfer
TXN-98C0EC6984,ACCT-1053,2026-06-07T17:18:04,771.61,Willow Bend Textiles,cash_deposit
TXN-77F0572295,ACCT-1047,2026-06-07T17:20:13,1087.81,Northgate Pharmacy,card_payment
TXN-E1759B5601,ACCT-1050,2026-06-07T17:41:15,154.48,Lakeside Medical Supply,card_payment
TXN-2EF6B72703,ACCT-1052,2026-06-07T17:45:16,706.87,Crestwood Dental Group,cash_withdrawal
TXN-4F1561ECAE,ACCT-1021,2026-06-07T17:52:05,264.98,Palmdale Auto Parts,card_payment
TXN-E746158DC5,ACCT-1022,2026-06-07T18:03:22,618.98,Willow Bend Textiles,cash_withdrawal
TXN-DD9394790E,ACCT-1016,2026-06-07T18:50:27,1069.23,Silver Creek Farms,card_payment
TXN-F1062F7C22,ACCT-1050,2026-06-07T18:57:16,1063.02,Acme Retail Corp,ach_transfer
TXN-B87925C952,ACCT-1019,2026-06-07T19:16:45,760.84,Metro Utilities Co,card_payment
TXN-0BEA153D35,ACCT-1014,2026-06-07T20:01:04,255.55,Greenfield Logistics,card_payment
TXN-F16F84BE8A,ACCT-1026,2026-06-07T20:03:50,327.67,Greenfield Logistics,cash_deposit
TXN-FB17609540,ACCT-1055,2026-06-07T20:12:34,632.76,Acme Retail Corp,cash_withdrawal
TXN-F9E6A3164C,ACCT-1000,2026-06-07T20:17:41,447.62,Silver Creek Farms,card_payment
TXN-E2583387F4,ACCT-1006,2026-06-07T20:41:24,818.23,Union Hardware,wire_transfer
TXN-DBF14D8EB2,ACCT-1024,2026-06-07T20:42:30,570.36,Bright Path Insurance,cash_withdrawal
TXN-47BC3867B0,ACCT-1042,2026-06-07T20:50:18,687.32,Willow Bend Textiles,card_payment
TXN-C555DFB31D,ACCT-1004,2026-06-07T21:07:14,593.6,Harbor View Realty,card_payment
TXN-198EFB1E7C,ACCT-1034,2026-06-07T21:30:41,560.69,Maple Street Cafe,card_payment
TXN-07169A17F7,ACCT-1036,2026-06-07T22:03:38,1509.74,Ironclad Security LLC,card_payment
TXN-CB54624263,ACCT-1006,2026-06-07T22:12:48,621.54,Acme Retail Corp,cash_withdrawal
TXN-AC3B39307F,ACCT-1039,2026-06-07T22:13:44,360.23,Cedar Point Electronics,ach_transfer
TXN-21C330182A,ACCT-1031,2026-06-07T22:13:48,187.88,Silver Creek Farms,wire_transfer
TXN-900567A4FF,ACCT-1034,2026-06-07T22:18:39,558.69,Palmdale Auto Parts,wire_transfer
TXN-06DFAF305E,ACCT-1057,2026-06-07T23:06:14,58.98,Crestwood Dental Group,wire_transfer
TXN-C37DE94963,ACCT-1036,2026-06-07T23:36:27,177.51,Palmdale Auto Parts,cash_deposit
TXN-83894519A4,ACCT-1035,2026-06-07T23:48:57,97.84,Everett Consulting Group,cash_deposit
TXN-ACA6729346,ACCT-1001,2026-06-07T23:49:43,546.85,Maple Street Cafe,cash_deposit
TXN-E2ABFCD091,ACCT-1041,2026-06-07T23:59:06,860.51,Union Hardware,cash_deposit
TXN-35E4826E3A,ACCT-1051,2026-06-08T00:09:10,349.29,Ironclad Security LLC,card_payment
TXN-97398F35A8,ACCT-1044,2026-06-08T00:22:27,903.61,Sunrise Bakery,cash_withdrawal
TXN-9946B12505,ACCT-1018,2026-06-08T00:50:36,198.17,Metro Utilities Co,ach_transfer
TXN-322A112578,ACCT-1016,2026-06-08T00:52:27,283.86,Palmdale Auto Parts,ach_transfer
TXN-133573DB71,ACCT-1038,2026-06-08T01:03:47,97.48,Willow Bend Textiles,ach_transfer
TXN-1886A570F8,ACCT-1034,2026-06-08T01:08:02,1042.27,Acme Retail Corp,cash_deposit
TXN-91A5035E4E,ACCT-1029,2026-06-08T01:12:45,178.04,Northgate Pharmacy,ach_transfer
TXN-4C7FDC69F8,ACCT-1019,2026-06-08T01:15:47,952.52,Maple Street Cafe,cash_deposit
TXN-F6BD415C0A,ACCT-1049,2026-06-08T01:24:10,606.51,Greenfield Logistics,ach_transfer
TXN-92B1CB969C,ACCT-1059,2026-06-08T01:25:30,165.73,Everett Consulting Group,cash_withdrawal
TXN-6F8685A05A,ACCT-1010,2026-06-08T01:36:07,400.32,Acme Retail Corp,card_payment
TXN-5DE743F595,ACCT-1032,2026-06-08T01:39:16,298.3,Blue Harbor Supplies,ach_transfer
TXN-4F4DE7C583,ACCT-1036,2026-06-08T01:44:17,2253.55,Northgate Pharmacy,card_payment
TXN-E131C9DF4A,ACCT-1041,2026-06-08T01:48:14,751.82,Metro Utilities Co,ach_transfer
TXN-8E55FE0EBD,ACCT-1016,2026-06-08T02:13:40,226.92,Greenfield Logistics,card_payment
TXN-AE809E9CED,ACCT-1002,2026-06-08T02:51:06,283.69,Bright Path Insurance,ach_transfer
TXN-291D4164FD,ACCT-1039,2026-06-08T02:57:50,937.41,Palmdale Auto Parts,wire_transfer
TXN-20E9120A16,ACCT-1019,2026-06-08T03:08:48,990.45,Palmdale Auto Parts,ach_transfer
TXN-F7EF14A975,ACCT-1043,2026-06-08T03:12:17,698.84,Palmdale Auto Parts,ach_transfer
TXN-5231E83160,ACCT-1008,2026-06-08T03:13:23,1164.1,Lakeside Medical Supply,ach_transfer
TXN-6D46E5B6B0,ACCT-1040,2026-06-08T03:20:41,614.46,Metro Utilities Co,cash_withdrawal
TXN-F750E86A65,ACCT-1030,2026-06-08T04:05:44,1719.81,Willow Bend Textiles,wire_transfer
TXN-B74961699B,ACCT-1021,2026-06-08T04:08:08,1278.66,Blue Harbor Supplies,wire_transfer
TXN-8BE45355EF,ACCT-1059,2026-06-08T04:32:06,181.86,Silver Creek Farms,ach_transfer
TXN-7704040EF7,ACCT-1003,2026-06-08T04:46:42,1640.7,Northgate Pharmacy,ach_transfer
TXN-7DD4B0FA26,ACCT-1001,2026-06-08T04:47:19,559.51,Crestwood Dental Group,cash_deposit
TXN-EA6F2412A2,ACCT-1051,2026-06-08T05:08:48,336.6,Northgate Pharmacy,card_payment
TXN-D794FD7087,ACCT-1023,2026-06-08T05:10:00,120.62,Northgate Pharmacy,ach_transfer
TXN-486E738643,ACCT-1019,2026-06-08T05:10:41,674.02,Acme Retail Corp,cash_deposit
TXN-775788B059,ACCT-1049,2026-06-08T05:18:57,450.86,Cedar Point Electronics,ach_transfer
TXN-795EA4DE08,ACCT-1020,2026-06-08T05:25:44,521.69,Blue Harbor Supplies,cash_deposit
TXN-F97D14EA32,ACCT-1036,2026-06-08T05:25:50,199.69,Harbor View Realty,card_payment
TXN-EB684B76B2,ACCT-1004,2026-06-08T05:51:48,550.95,Lakeside Medical Supply,cash_deposit
TXN-64192AEA30,ACCT-1029,2026-06-08T06:07:37,1391.48,Acme Retail Corp,cash_deposit
TXN-C58D17A019,ACCT-1032,2026-06-08T06:09:33,1053.8,Cedar Point Electronics,ach_transfer
TXN-DCCC98539B,ACCT-1003,2026-06-08T06:20:19,322.45,Acme Retail Corp,card_payment
TXN-630F8A8614,ACCT-1024,2026-06-08T06:25:14,627.39,Silver Creek Farms,wire_transfer
TXN-DED1DCAE3B,ACCT-1025,2026-06-08T06:27:42,607.59,Cedar Point Electronics,wire_transfer
TXN-844589FD70,ACCT-1014,2026-06-08T06:41:54,904.63,Ironclad Security LLC,card_payment
TXN-EDF4614746,ACCT-1042,2026-06-08T07:08:15,177.98,Maple Street Cafe,ach_transfer
TXN-FD28BD7039,ACCT-1053,2026-06-08T07:11:40,211.1,Everett Consulting Group,cash_deposit
TXN-8DB7CE1B5B,ACCT-1047,2026-06-08T07:30:14,397.26,Lakeside Medical Supply,cash_withdrawal
TXN-0EA25B7811,ACCT-1050,2026-06-08T08:02:11,338.38,Riverside Grocers,ach_transfer
TXN-FCE7BE6276,ACCT-1022,2026-06-08T08:29:47,1178.47,Maple Street Cafe,wire_transfer
TXN-1B486DEEC1,ACCT-1058,2026-06-08T08:38:35,677.11,Willow Bend Textiles,cash_withdrawal
TXN-4D9C440569,ACCT-1004,2026-06-08T09:00:00,3229.17,Maple Street Cafe,cash_deposit
TXN-14E11BB8D7,ACCT-1003,2026-06-08T09:04:47,558.77,Ironclad Security LLC,wire_transfer
TXN-9F624770AA,ACCT-1024,2026-06-08T09:26:18,1267.99,Metro Utilities Co,card_payment
TXN-FDA6D4F85A,ACCT-1010,2026-06-08T09:27:51,1540.93,Cedar Point Electronics,wire_transfer
TXN-B027AD33D3,ACCT-1056,2026-06-08T09:28:43,1026.55,Ironclad Security LLC,card_payment
TXN-EA64259006,ACCT-1053,2026-06-08T09:38:54,276.03,Riverside Grocers,card_payment
TXN-BD99E038CD,ACCT-1002,2026-06-08T09:39:17,384.77,Union Hardware,card_payment
TXN-03FD8037CD,ACCT-1051,2026-06-08T09:45:26,220.26,Riverside Grocers,ach_transfer
TXN-7E35314AE2,ACCT-1027,2026-06-08T09:47:14,1284.58,Acme Retail Corp,card_payment
TXN-E85E6E0424,ACCT-1006,2026-06-08T09:51:11,803.41,Cedar Point Electronics,card_payment
TXN-F82462D5D5,ACCT-1003,2026-06-08T10:02:14,889.09,Riverside Grocers,cash_withdrawal
TXN-9EE7CDC359,ACCT-1039,2026-06-08T10:43:37,2090.26,Sunrise Bakery,ach_transfer
TXN-531653E13C,ACCT-1025,2026-06-08T10:43:58,1304.92,Ironclad Security LLC,cash_withdrawal
TXN-B2BB0D14EA,ACCT-1026,2026-06-08T11:15:12,497.4,Ironclad Security LLC,cash_deposit
TXN-34148B1FA9,ACCT-1004,2026-06-08T11:35:17,132.42,Ironclad Security LLC,cash_deposit
TXN-F6CEDCD56F,ACCT-1046,2026-06-08T11:42:26,1269.71,Northgate Pharmacy,cash_withdrawal
TXN-CD11BB489F,ACCT-1057,2026-06-08T11:44:41,416.72,Lakeside Medical Supply,cash_withdrawal
TXN-D762762661,ACCT-1004,2026-06-08T12:00:00,4412.35,Blue Harbor Supplies,cash_deposit
TXN-B3AA0B9372,ACCT-1056,2026-06-08T12:04:40,169.62,Northgate Pharmacy,card_payment
TXN-82E043433A,ACCT-1012,2026-06-08T12:09:44,946.36,Palmdale Auto Parts,card_payment
TXN-97591F409A,ACCT-1027,2026-06-08T12:23:41,815.02,Ironclad Security LLC,cash_deposit
TXN-EAB7D4BE84,ACCT-1024,2026-06-08T12:41:04,894.6,Sunrise Bakery,ach_transfer
TXN-EE71282864,ACCT-1053,2026-06-08T12:45:14,596.04,Everett Consulting Group,cash_deposit
TXN-CDD9AED501,ACCT-1059,2026-06-08T12:51:18,582.75,Silver Creek Farms,cash_withdrawal
TXN-CD9F2655C8,ACCT-1042,2026-06-08T12:51:30,273.67,Willow Bend Textiles,ach_transfer
TXN-3472A2A377,ACCT-1002,2026-06-08T12:54:53,180.84,Lakeside Medical Supply,card_payment
TXN-52734B60B6,ACCT-1028,2026-06-08T12:59:47,235.82,Cedar Point Electronics,ach_transfer
TXN-86C7F63A07,ACCT-1039,2026-06-08T13:10:50,1345.53,Silver Creek Farms,ach_transfer
TXN-2648AFB01F,ACCT-1017,2026-06-08T13:19:12,800.79,Union Hardware,card_payment
TXN-02485D7860,ACCT-1003,2026-06-08T13:20:23,762.77,Willow Bend Textiles,cash_withdrawal
TXN-10B81B82BC,ACCT-1015,2026-06-08T13:43:53,368.69,Riverside Grocers,cash_withdrawal
TXN-FC4E5589B4,ACCT-1037,2026-06-08T14:00:00,23063.71,Everett Consulting Group,wire_transfer
TXN-4673D110BD,ACCT-1000,2026-06-08T14:00:10,404.98,Union Hardware,wire_transfer
TXN-DB85BEBB1E,ACCT-1005,2026-06-08T14:05:13,384.92,Falcon Freight Inc,cash_deposit
TXN-167BF27F05,ACCT-1027,2026-06-08T14:14:37,1698.2,Bright Path Insurance,card_payment
TXN-AC95CF7A92,ACCT-1039,2026-06-08T14:19:39,559.84,Willow Bend Textiles,ach_transfer
TXN-A91B690E18,ACCT-1058,2026-06-08T14:40:03,298.14,Greenfield Logistics,wire_transfer
TXN-8E4B9046CB,ACCT-1028,2026-06-08T14:47:54,788.98,Silver Creek Farms,cash_withdrawal
TXN-7F8E2C3487,ACCT-1004,2026-06-08T15:00:00,8475.73,Acme Retail Corp,cash_deposit
TXN-518F0F224D,ACCT-1004,2026-06-08T15:00:00,8280.06,Maple Street Cafe,cash_deposit
TXN-D70BA9F64E,ACCT-1001,2026-06-08T15:22:24,686.33,Blue Harbor Supplies,card_payment
TXN-484E6730EE,ACCT-1013,2026-06-08T15:26:52,654.27,Everett Consulting Group,cash_withdrawal
TXN-F5DB582197,ACCT-1054,2026-06-08T15:34:28,923.27,Acme Retail Corp,cash_deposit
TXN-DF4D765BAE,ACCT-1052,2026-06-08T15:59:13,210.36,Metro Utilities Co,card_payment
TXN-9943016D9A,ACCT-1038,2026-06-08T16:11:24,2170.14,Northgate Pharmacy,ach_transfer
TXN-517BECFAD0,ACCT-1058,2026-06-08T16:18:13,737.95,Sunrise Bakery,cash_deposit
TXN-1AA57F37BD,ACCT-1040,2026-06-08T16:45:07,779.28,Greenfield Logistics,wire_transfer
TXN-C0DC5A4911,ACCT-1033,2026-06-08T16:59:26,762.84,Harbor View Realty,card_payment
TXN-F6D99DC932,ACCT-1000,2026-06-08T17:07:14,940.46,Acme Retail Corp,card_payment
TXN-6BCA72DEB7,ACCT-1015,2026-06-08T17:21:05,716.05,Greenfield Logistics,card_payment
TXN-081609539F,ACCT-1003,2026-06-08T17:24:48,1158.17,Ironclad Security LLC,card_payment
TXN-025EA4303A,ACCT-1047,2026-06-08T17:44:14,525.03,Maple Street Cafe,cash_deposit
TXN-A748B2DD53,ACCT-1031,2026-06-08T17:48:03,826.31,Willow Bend Textiles,wire_transfer
TXN-A9AFFBA69F,ACCT-1042,2026-06-08T18:03:18,661.94,Maple Street Cafe,card_payment
TXN-2F6AAACA7F,ACCT-1038,2026-06-08T18:12:48,1324.51,Willow Bend Textiles,cash_deposit
TXN-7715E3460D,ACCT-1033,2026-06-08T19:19:44,549.36,Maple Street Cafe,cash_deposit
TXN-7A9786B3C7,ACCT-1034,2026-06-08T19:39:08,661.91,Northgate Pharmacy,card_payment
TXN-07BBF02DC2,ACCT-1031,2026-06-08T19:47:59,285.31,Ironclad Security LLC,ach_transfer
TXN-419029D374,ACCT-1035,2026-06-08T19:53:16,647.02,Blue Harbor Supplies,cash_withdrawal
TXN-258BFCFBD4,ACCT-1009,2026-06-08T19:56:53,264.56,Ironclad Security LLC,ach_transfer
TXN-6014C52AF0,ACCT-1054,2026-06-08T20:06:02,364.02,Harbor View Realty,wire_transfer
TXN-C1175E2EA1,ACCT-1011,2026-06-08T20:19:48,425.3,Northgate Pharmacy,cash_withdrawal
TXN-139CA037EA,ACCT-1038,2026-06-08T20:46:29,735.37,Blue Harbor Supplies,cash_deposit
TXN-8A2A4AB6B4,ACCT-1036,2026-06-08T21:29:22,554.58,Palmdale Auto Parts,ach_transfer
TXN-83254F6464,ACCT-1050,2026-06-08T21:34:45,653.23,Palmdale Auto Parts,cash_deposit
TXN-80E454C086,ACCT-1013,2026-06-08T21:39:42,372.01,Bright Path Insurance,wire_transfer
TXN-8BFBBE84EF,ACCT-1032,2026-06-08T22:00:39,909.31,Union Hardware,ach_transfer
TXN-73A50606C2,ACCT-1005,2026-06-08T22:13:58,389.06,Blue Harbor Supplies,wire_transfer
TXN-BFEE55C718,ACCT-1030,2026-06-08T22:27:54,309.25,Everett Consulting Group,cash_deposit
TXN-4E076CB230,ACCT-1006,2026-06-08T22:36:51,1810.94,Everett Consulting Group,card_payment
TXN-77810EE091,ACCT-1049,2026-06-08T22:43:11,352.5,Crestwood Dental Group,card_payment
TXN-C873AE5430,ACCT-1051,2026-06-08T22:52:08,827.12,Willow Bend Textiles,card_payment
TXN-11DB6BABD8,ACCT-1024,2026-06-08T22:53:18,836.86,Lakeside Medical Supply,ach_transfer
TXN-169FB5966E,ACCT-1004,2026-06-08T23:18:17,570.05,Blue Harbor Supplies,cash_withdrawal
TXN-2DC446451A,ACCT-1014,2026-06-08T23:23:21,832.68,Greenfield Logistics,cash_withdrawal
TXN-9973323711,ACCT-1058,2026-06-09T00:08:10,471.22,Cedar Point Electronics,card_payment
TXN-4B03DEF2CE,ACCT-1001,2026-06-09T00:28:14,580.01,Palmdale Auto Parts,card_payment
TXN-E081F39BB7,ACCT-1016,2026-06-09T00:43:06,395.13,Bright Path Insurance,wire_transfer
TXN-C7F0FE7085,ACCT-1055,2026-06-09T00:50:24,718.78,Bright Path Insurance,card_payment
TXN-B0A4D4B364,ACCT-1016,2026-06-09T01:17:06,366.64,Riverside Grocers,card_payment
TXN-499D1068F7,ACCT-1003,2026-06-09T01:24:16,42.53,Crestwood Dental Group,ach_transfer
TXN-48DA891412,ACCT-1041,2026-06-09T01:24:46,321.06,Acme Retail Corp,cash_withdrawal
TXN-F4C672517E,ACCT-1000,2026-06-09T01:53:47,282.45,Lakeside Medical Supply,card_payment
TXN-0456BD40D8,ACCT-1026,2026-06-09T02:00:44,402.79,Greenfield Logistics,cash_deposit
TXN-0F8D40B64F,ACCT-1052,2026-06-09T02:01:42,1420.19,Lakeside Medical Supply,cash_withdrawal
TXN-6F5EA9216A,ACCT-1019,2026-06-09T02:47:34,1103.08,Northgate Pharmacy,ach_transfer
TXN-CDADC03786,ACCT-1012,2026-06-09T03:08:02,1251.46,Everett Consulting Group,card_payment
TXN-0D7BDB83F1,ACCT-1043,2026-06-09T03:42:45,1749.51,Silver Creek Farms,cash_deposit
TXN-10EDE0DE6B,ACCT-1021,2026-06-09T03:45:05,142.74,Falcon Freight Inc,wire_transfer
TXN-2E6F8F54C3,ACCT-1023,2026-06-09T03:45:18,199.03,Maple Street Cafe,card_payment
TXN-E9114F430F,ACCT-1044,2026-06-09T03:47:43,131.38,Metro Utilities Co,cash_deposit
TXN-38060E0EBD,ACCT-1047,2026-06-09T04:02:57,101.84,Crestwood Dental Group,card_payment
TXN-8450C569C5,ACCT-1014,2026-06-09T04:10:24,473.16,Blue Harbor Supplies,wire_transfer
TXN-485F2461FE,ACCT-1022,2026-06-09T04:15:50,173.24,Sunrise Bakery,card_payment
TXN-9EA1B6F2DE,ACCT-1053,2026-06-09T04:31:45,656.35,Lakeside Medical Supply,card_payment
TXN-C0D0EE8FE6,ACCT-1036,2026-06-09T04:41:55,1036.71,Riverside Grocers,card_payment
TXN-A05FC103BB,ACCT-1051,2026-06-09T04:56:41,234.1,Maple Street Cafe,cash_deposit
TXN-1B95026280,ACCT-1055,2026-06-09T05:02:02,769.62,Ironclad Security LLC,wire_transfer
TXN-E98ACD1648,ACCT-1012,2026-06-09T05:02:22,1481.65,Silver Creek Farms,card_payment
TXN-D2BDD4B90F,ACCT-1036,2026-06-09T05:06:58,304.44,Falcon Freight Inc,ach_transfer
TXN-27B56391DE,ACCT-1004,2026-06-09T05:09:06,407.95,Palmdale Auto Parts,card_payment
TXN-B5970CEE15,ACCT-1031,2026-06-09T05:18:57,700.27,Everett Consulting Group,card_payment
TXN-2DF0BC1093,ACCT-1053,2026-06-09T05:20:42,680.98,Sunrise Bakery,card_payment
TXN-37DBA49D4C,ACCT-1043,2026-06-09T05:21:44,69.43,Everett Consulting Group,ach_transfer
TXN-4CAE375857,ACCT-1022,2026-06-09T06:14:30,237.17,Harbor View Realty,card_payment
TXN-2FD8AAC514,ACCT-1002,2026-06-09T06:49:38,129.25,Ironclad Security LLC,cash_withdrawal
TXN-926BDFEFFB,ACCT-1018,2026-06-09T06:54:31,335.34,Union Hardware,wire_transfer
TXN-51764D7961,ACCT-1041,2026-06-09T06:54:50,1174.91,Cedar Point Electronics,ach_transfer
TXN-C85B3C9561,ACCT-1025,2026-06-09T07:36:43,242.08,Metro Utilities Co,wire_transfer
TXN-9DB27F1A91,ACCT-1030,2026-06-09T07:41:10,887.78,Metro Utilities Co,card_payment
TXN-5D2A0B979E,ACCT-1021,2026-06-09T08:00:00,32798.96,Cedar Point Electronics,cash_deposit
TXN-AF2D91FC6C,ACCT-1031,2026-06-09T08:34:36,1288.36,Metro Utilities Co,ach_transfer
TXN-34B1B9C345,ACCT-1044,2026-06-09T08:42:19,457.55,Ironclad Security LLC,cash_deposit
TXN-F8FAD97C96,ACCT-1018,2026-06-09T08:44:14,236.24,Greenfield Logistics,cash_withdrawal
TXN-48BB020431,ACCT-1011,2026-06-09T09:00:00,7488.3,Riverside Grocers,cash_deposit
TXN-97B767D041,ACCT-1012,2026-06-09T09:00:00,4074.63,Cedar Point Electronics,cash_deposit
TXN-D6C5F7496B,ACCT-1034,2026-06-09T09:01:09,432.87,Falcon Freight Inc,card_payment
TXN-75939556DC,ACCT-1004,2026-06-09T09:09:33,558.34,Acme Retail Corp,wire_transfer
TXN-00B74A0E67,ACCT-1010,2026-06-09T09:10:08,583.75,Union Hardware,cash_withdrawal
TXN-2D4498020A,ACCT-1029,2026-06-09T09:48:19,648.11,Blue Harbor Supplies,card_payment
TXN-24DC8A6E10,ACCT-1020,2026-06-09T09:50:52,575.68,Lakeside Medical Supply,wire_transfer
TXN-5691142A62,ACCT-1006,2026-06-09T10:01:03,715.42,Northgate Pharmacy,cash_deposit
TXN-9381C8675E,ACCT-1010,2026-06-09T10:15:04,388.61,Cedar Point Electronics,cash_deposit
TXN-938DD0C479,ACCT-1048,2026-06-09T10:35:45,519.39,Greenfield Logistics,card_payment
TXN-9F280B6C3F,ACCT-1036,2026-06-09T10:49:38,1039.18,Metro Utilities Co,card_payment
TXN-B88CD243BA,ACCT-1001,2026-06-09T10:52:46,397.94,Blue Harbor Supplies,card_payment
TXN-3FF250445B,ACCT-1020,2026-06-09T11:12:05,802.78,Riverside Grocers,ach_transfer
TXN-413D125461,ACCT-1020,2026-06-09T11:33:10,431.06,Cedar Point Electronics,ach_transfer
TXN-AAB91CA849,ACCT-1016,2026-06-09T11:36:10,557.4,Willow Bend Textiles,cash_deposit
TXN-AE1C1632B0,ACCT-1007,2026-06-09T11:45:56,530.02,Everett Consulting Group,cash_withdrawal
TXN-EB5BF7E819,ACCT-1024,2026-06-09T12:01:02,591.92,Crestwood Dental Group,ach_transfer
TXN-74804CA24F,ACCT-1021,2026-06-09T12:02:42,402.27,Harbor View Realty,cash_deposit
TXN-CFB05474D7,ACCT-1040,2026-06-09T12:07:23,102.77,Falcon Freight Inc,cash_deposit
TXN-46C4582717,ACCT-1038,2026-06-09T12:07:42,464.79,Union Hardware,card_payment
TXN-E649DB2AEB,ACCT-1036,2026-06-09T12:11:39,2186.31,Acme Retail Corp,card_payment
TXN-951A8DA90E,ACCT-1029,2026-06-09T12:25:53,643.03,Blue Harbor Supplies,ach_transfer
TXN-A5860C5743,ACCT-1011,2026-06-09T13:00:00,5551.04,Northgate Pharmacy,cash_deposit
TXN-38F30DD831,ACCT-1053,2026-06-09T13:27:37,379.76,Willow Bend Textiles,ach_transfer
TXN-1103BFBCA2,ACCT-1041,2026-06-09T13:50:19,984.24,Palmdale Auto Parts,cash_withdrawal
TXN-7FAF9A92DE,ACCT-1026,2026-06-09T14:00:41,123.7,Riverside Grocers,card_payment
TXN-594D628FD5,ACCT-1017,2026-06-09T14:13:04,2161.08,Lakeside Medical Supply,cash_deposit
TXN-42D9F27173,ACCT-1023,2026-06-09T14:19:08,649.96,Greenfield Logistics,card_payment
TXN-589E872BD2,ACCT-1007,2026-06-09T14:31:27,388.59,Willow Bend Textiles,card_payment
TXN-7576722525,ACCT-1033,2026-06-09T14:31:37,625.12,Blue Harbor Supplies,cash_deposit
TXN-065C8ED002,ACCT-1010,2026-06-09T14:49:50,2019.39,Lakeside Medical Supply,cash_deposit
TXN-27C2FDD292,ACCT-1053,2026-06-09T14:54:03,108.68,Harbor View Realty,ach_transfer
TXN-451982EE82,ACCT-1042,2026-06-09T14:59:58,269.71,Bright Path Insurance,card_payment
TXN-DF56539457,ACCT-1052,2026-06-09T15:04:33,45.61,Union Hardware,wire_transfer
TXN-705ACD5605,ACCT-1011,2026-06-09T15:37:27,255.67,Silver Creek Farms,cash_withdrawal
TXN-6E2CAF3181,ACCT-1032,2026-06-09T16:04:38,730.19,Riverside Grocers,cash_deposit
TXN-E061E654FF,ACCT-1024,2026-06-09T16:18:00,220.65,Everett Consulting Group,wire_transfer
TXN-C5D078622A,ACCT-1054,2026-06-09T16:18:58,1340.91,Ironclad Security LLC,card_payment
TXN-95AA56B214,ACCT-1034,2026-06-09T16:48:24,3571.89,Cedar Point Electronics,wire_transfer
TXN-DBDEA47AA4,ACCT-1050,2026-06-09T16:56:32,958.58,Greenfield Logistics,card_payment
TXN-02232B2194,ACCT-1042,2026-06-09T17:03:35,810.23,Acme Retail Corp,card_payment
TXN-F2A7CA04BB,ACCT-1032,2026-06-09T17:06:50,425.23,Blue Harbor Supplies,card_payment
TXN-76897CB405,ACCT-1029,2026-06-09T17:15:29,1236.43,Greenfield Logistics,cash_deposit
TXN-8D95EDEF18,ACCT-1000,2026-06-09T17:17:22,456.29,Harbor View Realty,cash_deposit
TXN-5B3013F4CA,ACCT-1048,2026-06-09T17:29:05,1119.14,Ironclad Security LLC,ach_transfer
TXN-411B30C98F,ACCT-1053,2026-06-09T17:39:23,1322.66,Falcon Freight Inc,ach_transfer
TXN-7C339FCEE9,ACCT-1045,2026-06-09T17:51:01,379.09,Falcon Freight Inc,ach_transfer
TXN-F3A13BFE46,ACCT-1051,2026-06-09T17:51:17,606.76,Riverside Grocers,wire_transfer
TXN-897F255AC1,ACCT-1012,2026-06-09T18:00:00,8459.18,Sunrise Bakery,cash_deposit
TXN-7925420E9E,ACCT-1055,2026-06-09T18:25:49,794.25,Ironclad Security LLC,cash_withdrawal
TXN-AD0EDAFA97,ACCT-1052,2026-06-09T18:42:06,396.25,Falcon Freight Inc,ach_transfer
TXN-96450BB92B,ACCT-1024,2026-06-09T18:46:10,322.22,Acme Retail Corp,cash_withdrawal
TXN-7507B82D9B,ACCT-1058,2026-06-09T19:05:36,475.41,Greenfield Logistics,card_payment
TXN-966B73E6CD,ACCT-1038,2026-06-09T19:12:15,112.18,Crestwood Dental Group,ach_transfer
TXN-ED289FAA1E,ACCT-1058,2026-06-09T19:26:28,846.87,Riverside Grocers,cash_deposit
TXN-41840054D7,ACCT-1011,2026-06-09T20:00:00,8021.55,Northgate Pharmacy,cash_deposit
TXN-0094D4A15A,ACCT-1028,2026-06-09T20:06:15,865.25,Crestwood Dental Group,cash_deposit
TXN-AC758A608F,ACCT-1053,2026-06-09T20:22:27,1330.85,Willow Bend Textiles,cash_deposit
TXN-FB2E59D078,ACCT-1006,2026-06-09T20:25:33,767.98,Riverside Grocers,card_payment
TXN-806066211A,ACCT-1038,2026-06-09T20:28:38,1000.83,Metro Utilities Co,wire_transfer
TXN-581ED9EFA3,ACCT-1036,2026-06-09T20:32:01,377.97,Riverside Grocers,cash_withdrawal
TXN-5102D44D8F,ACCT-1022,2026-06-09T21:00:08,741.83,Blue Harbor Supplies,card_payment
TXN-23984099FE,ACCT-1024,2026-06-09T21:08:43,2381.1,Blue Harbor Supplies,cash_withdrawal
TXN-E5F8F3EA55,ACCT-1039,2026-06-09T21:11:40,1363.79,Willow Bend Textiles,ach_transfer
TXN-352095E468,ACCT-1032,2026-06-09T21:40:32,471.98,Ironclad Security LLC,ach_transfer
TXN-7B579C857B,ACCT-1043,2026-06-09T21:49:44,764.64,Harbor View Realty,ach_transfer
TXN-0255E84A48,ACCT-1012,2026-06-09T22:00:00,5354.59,Silver Creek Farms,cash_deposit
TXN-ED122C14C9,ACCT-1043,2026-06-09T22:23:12,442.69,Riverside Grocers,cash_withdrawal
TXN-A6E441C30C,ACCT-1031,2026-06-09T22:38:06,232.86,Acme Retail Corp,card_payment
TXN-333FBD04AA,ACCT-1011,2026-06-09T23:00:00,4906.07,Riverside Grocers,cash_deposit
TXN-41D8777CC6,ACCT-1020,2026-06-09T23:11:04,602.03,Greenfield Logistics,cash_withdrawal
TXN-F07ABF193F,ACCT-1041,2026-06-09T23:12:14,848.02,Northgate Pharmacy,ach_transfer
TXN-2F877C8A4D,ACCT-1034,2026-06-09T23:19:27,927.84,Acme Retail Corp,ach_transfer
TXN-01B9A320C7,ACCT-1017,2026-06-09T23:23:35,278.59,Cedar Point Electronics,wire_transfer
TXN-8BA2E0F54C,ACCT-1054,2026-06-09T23:29:10,1183.83,Crestwood Dental Group,cash_withdrawal
TXN-072C4D32D4,ACCT-1055,2026-06-09T23:56:07,447.45,Lakeside Medical Supply,ach_transfer
TXN-B304CD12FC,ACCT-1038,2026-06-10T00:08:42,504.3,Maple Street Cafe,wire_transfer
TXN-47561D99A5,ACCT-1008,2026-06-10T00:13:14,557.69,Bright Path Insurance,ach_transfer
TXN-E4FF919D3E,ACCT-1033,2026-06-10T00:29:52,427.49,Everett Consulting Group,ach_transfer
TXN-9BBB0CE890,ACCT-1012,2026-06-10T00:31:11,1315.54,Bright Path Insurance,ach_transfer
TXN-7804F1BF1A,ACCT-1038,2026-06-10T00:34:25,1721.46,Falcon Freight Inc,cash_withdrawal
TXN-6E2C8F6A2C,ACCT-1002,2026-06-10T00:54:44,486.54,Silver Creek Farms,ach_transfer
TXN-B76585EDF5,ACCT-1020,2026-06-10T01:03:28,651.15,Sunrise Bakery,card_payment
TXN-0E4714C4E5,ACCT-1048,2026-06-10T01:09:48,647.88,Greenfield Logistics,ach_transfer
TXN-9D40394EEA,ACCT-1011,2026-06-10T01:38:00,1296.02,Silver Creek Farms,cash_withdrawal
TXN-1131FCF5AE,ACCT-1052,2026-06-10T01:47:53,443.94,Falcon Freight Inc,card_payment
TXN-F258220BC8,ACCT-1041,2026-06-10T02:09:16,1180.24,Union Hardware,cash_deposit
TXN-C827E277C8,ACCT-1044,2026-06-10T02:10:50,1376.4,Maple Street Cafe,ach_transfer
TXN-4E27468C3F,ACCT-1035,2026-06-10T02:13:39,88.9,Willow Bend Textiles,card_payment
TXN-7D3EA1D615,ACCT-1002,2026-06-10T02:24:53,900.55,Union Hardware,wire_transfer
TXN-E2A09B715E,ACCT-1033,2026-06-10T02:28:08,459.17,Falcon Freight Inc,ach_transfer
TXN-3F7945F9CF,ACCT-1019,2026-06-10T02:40:12,131.55,Riverside Grocers,ach_transfer
TXN-818ADCA74A,ACCT-1051,2026-06-10T02:51:21,922.04,Everett Consulting Group,card_payment
TXN-6E1DD3DD3B,ACCT-1050,2026-06-10T02:56:00,285.28,Ironclad Security LLC,cash_deposit
TXN-9F0261FBC6,ACCT-1057,2026-06-10T03:30:48,185.82,Crestwood Dental Group,ach_transfer
TXN-7585F25EFA,ACCT-1024,2026-06-10T03:33:06,119.58,Metro Utilities Co,ach_transfer
TXN-ADB74FF4E4,ACCT-1002,2026-06-10T03:46:56,99.95,Silver Creek Farms,wire_transfer
TXN-192BDBED7D,ACCT-1052,2026-06-10T03:47:45,795.72,Palmdale Auto Parts,ach_transfer
TXN-35666A7571,ACCT-1043,2026-06-10T04:03:11,76.85,Metro Utilities Co,card_payment
TXN-7DECF213FC,ACCT-1019,2026-06-10T04:08:23,660.75,Ironclad Security LLC,card_payment
TXN-1F8F413BE8,ACCT-1051,2026-06-10T04:20:34,416.29,Falcon Freight Inc,cash_deposit
TXN-2616B7E522,ACCT-1047,2026-06-10T04:37:51,358.91,Willow Bend Textiles,card_payment
TXN-723B005BD5,ACCT-1012,2026-06-10T05:06:02,589.75,Willow Bend Textiles,ach_transfer
TXN-D9C413329D,ACCT-1046,2026-06-10T05:17:25,201.63,Northgate Pharmacy,cash_withdrawal
TXN-6E79A04CC8,ACCT-1034,2026-06-10T05:30:50,286.97,Sunrise Bakery,wire_transfer
TXN-DDB256BC44,ACCT-1001,2026-06-10T05:32:39,219.5,Lakeside Medical Supply,card_payment
TXN-CF72D9F031,ACCT-1036,2026-06-10T05:35:35,413.32,Metro Utilities Co,card_payment
TXN-A6D4676D88,ACCT-1018,2026-06-10T05:46:09,489.69,Maple Street Cafe,card_payment
TXN-102B1722EF,ACCT-1049,2026-06-10T05:54:13,897.32,Harbor View Realty,cash_withdrawal
TXN-5FBD14788E,ACCT-1013,2026-06-10T06:08:36,930.18,Sunrise Bakery,cash_withdrawal
TXN-1130AF3161,ACCT-1042,2026-06-10T06:12:10,645.98,Crestwood Dental Group,card_payment
TXN-D26483A508,ACCT-1053,2026-06-10T06:13:44,575.78,Crestwood Dental Group,card_payment
TXN-AF683B948F,ACCT-1010,2026-06-10T06:21:09,100.11,Cedar Point Electronics,wire_transfer
TXN-72D9FD0C90,ACCT-1012,2026-06-10T06:24:04,2296.02,Falcon Freight Inc,ach_transfer
TXN-0804916074,ACCT-1042,2026-06-10T06:28:18,643.42,Acme Retail Corp,card_payment
TXN-B362207752,ACCT-1058,2026-06-10T06:41:30,814.42,Blue Harbor Supplies,ach_transfer
TXN-E52B91C74A,ACCT-1057,2026-06-10T06:41:59,1920.86,Ironclad Security LLC,cash_deposit
TXN-F2B477B5F4,ACCT-1028,2026-06-10T07:13:34,444.19,Silver Creek Farms,cash_withdrawal
TXN-F4EB44D701,ACCT-1011,2026-06-10T07:21:34,401.67,Everett Consulting Group,ach_transfer
TXN-CFF3B67825,ACCT-1000,2026-06-10T07:23:01,224.82,Acme Retail Corp,card_payment
TXN-8C1ADA294C,ACCT-1055,2026-06-10T07:23:33,396.27,Crestwood Dental Group,card_payment
TXN-0293EA77D7,ACCT-1045,2026-06-10T07:28:03,349.92,Acme Retail Corp,cash_deposit
TXN-6A082358B1,ACCT-1031,2026-06-10T07:32:18,2316.11,Acme Retail Corp,cash_withdrawal
TXN-5E506F89EF,ACCT-1003,2026-06-10T07:32:59,528.85,Silver Creek Farms,cash_deposit
TXN-DAB824669F,ACCT-1047,2026-06-10T07:45:24,113.04,Crestwood Dental Group,cash_withdrawal
TXN-E18E48760C,ACCT-1008,2026-06-10T07:56:34,351.05,Cedar Point Electronics,ach_transfer
TXN-682AD9A68C,ACCT-1056,2026-06-10T08:10:58,949.94,Everett Consulting Group,card_payment
TXN-B2AA4E33CA,ACCT-1004,2026-06-10T08:14:45,621.53,Northgate Pharmacy,ach_transfer
TXN-074720CD12,ACCT-1014,2026-06-10T08:35:48,138.93,Greenfield Logistics,card_payment
TXN-FF522D24E0,ACCT-1032,2026-06-10T08:59:04,613.26,Bright Path Insurance,cash_deposit
TXN-72F9800C8B,ACCT-1027,2026-06-10T08:59:17,82.97,Everett Consulting Group,cash_withdrawal
TXN-7AA4846F5C,ACCT-1013,2026-06-10T09:06:42,751.81,Sunrise Bakery,wire_transfer
TXN-251B514F39,ACCT-1018,2026-06-10T09:06:54,637.5,Sunrise Bakery,ach_transfer
TXN-8CCF2B9A2B,ACCT-1042,2026-06-10T09:10:24,674.66,Blue Harbor Supplies,card_payment
TXN-27D5AA3DE6,ACCT-1008,2026-06-10T09:18:37,708.1,Cedar Point Electronics,ach_transfer
TXN-DC2D60D315,ACCT-1042,2026-06-10T09:55:33,150.99,Willow Bend Textiles,cash_deposit
TXN-49D4AAFB9F,ACCT-1020,2026-06-10T09:59:20,429.22,Acme Retail Corp,wire_transfer
TXN-3F1457DAC2,ACCT-1015,2026-06-10T10:02:15,818.45,Riverside Grocers,cash_deposit
TXN-2D6DA3B081,ACCT-1002,2026-06-10T10:10:14,607.13,Everett Consulting Group,card_payment
TXN-01EE044BC4,ACCT-1028,2026-06-10T10:11:39,1207.35,Acme Retail Corp,ach_transfer
TXN-E676126566,ACCT-1019,2026-06-10T10:18:13,468.13,Falcon Freight Inc,ach_transfer
TXN-20188D0F2E,ACCT-1029,2026-06-10T10:24:57,84.06,Cedar Point Electronics,ach_transfer
TXN-208A7604E5,ACCT-1058,2026-06-10T10:33:53,142.13,Crestwood Dental Group,card_payment
TXN-C1F92E23F6,ACCT-1004,2026-06-10T10:43:16,965.36,Riverside Grocers,wire_transfer
TXN-53F23D013E,ACCT-1033,2026-06-10T10:51:37,477.71,Sunrise Bakery,wire_transfer
TXN-7F59B494A0,ACCT-1022,2026-06-10T10:59:48,1930.79,Lakeside Medical Supply,ach_transfer
TXN-39EEB82AAB,ACCT-1031,2026-06-10T11:04:31,429.15,Palmdale Auto Parts,ach_transfer
TXN-AB5975EE1F,ACCT-1032,2026-06-10T11:53:45,518.92,Ironclad Security LLC,cash_deposit
TXN-77158A7271,ACCT-1029,2026-06-10T12:08:57,566.08,Falcon Freight Inc,wire_transfer
TXN-D9AEE9F9A4,ACCT-1054,2026-06-10T12:10:29,988.06,Union Hardware,card_payment
TXN-7DC06F49E0,ACCT-1057,2026-06-10T12:19:06,605.25,Palmdale Auto Parts,ach_transfer
TXN-242E142A5A,ACCT-1030,2026-06-10T12:31:59,194.83,Silver Creek Farms,cash_deposit
TXN-C55679E76C,ACCT-1000,2026-06-10T12:44:23,851.2,Crestwood Dental Group,card_payment
TXN-D63020C341,ACCT-1058,2026-06-10T12:45:56,1262.07,Northgate Pharmacy,ach_transfer
TXN-0A8AFFA158,ACCT-1042,2026-06-10T12:53:53,425.87,Harbor View Realty,card_payment
TXN-90CC1F4979,ACCT-1023,2026-06-10T13:00:00,660.79,Silver Creek Farms,ach_transfer
TXN-A90BCCB3CD,ACCT-1047,2026-06-10T13:00:00,34782.09,Greenfield Logistics,cash_withdrawal
TXN-0CCD92EF24,ACCT-1018,2026-06-10T13:18:11,328.43,Bright Path Insurance,cash_deposit
TXN-B35F986265,ACCT-1041,2026-06-10T13:25:39,1040.39,Sunrise Bakery,wire_transfer
TXN-1F2CEE11AF,ACCT-1049,2026-06-10T13:40:24,235.05,Lakeside Medical Supply,cash_deposit
TXN-1FDDF5AEA2,ACCT-1003,2026-06-10T13:43:26,1261.19,Union Hardware,card_payment
TXN-0A847FD6D4,ACCT-1033,2026-06-10T13:51:24,404.39,Metro Utilities Co,wire_transfer
TXN-185C9C6C58,ACCT-1036,2026-06-10T14:36:48,545.13,Acme Retail Corp,ach_transfer
TXN-09829F810D,ACCT-1028,2026-06-10T14:41:18,538.9,Lakeside Medical Supply,ach_transfer
TXN-39A0AB9851,ACCT-1025,2026-06-10T14:41:50,687.78,Riverside Grocers,cash_deposit
TXN-B1B37EC2DD,ACCT-1030,2026-06-10T15:26:39,430.53,Union Hardware,cash_deposit
TXN-84268B132F,ACCT-1020,2026-06-10T15:33:10,237.61,Union Hardware,card_payment
TXN-38371FE9A8,ACCT-1057,2026-06-10T16:02:48,9.54,Bright Path Insurance,cash_deposit
TXN-7F853D7B4F,ACCT-1054,2026-06-10T16:19:27,24.99,Maple Street Cafe,card_payment
TXN-01B4EAA8D5,ACCT-1004,2026-06-10T16:21:45,713.95,Riverside Grocers,card_payment
TXN-CC790694D2,ACCT-1056,2026-06-10T16:30:33,1179.3,Metro Utilities Co,ach_transfer
TXN-FB78238111,ACCT-1048,2026-06-10T16:37:50,602.85,Silver Creek Farms,card_payment
TXN-037DD9BAEA,ACCT-1042,2026-06-10T16:42:52,782.14,Palmdale Auto Parts,wire_transfer
TXN-6DCC125B6C,ACCT-1034,2026-06-10T17:39:35,443.54,Blue Harbor Supplies,ach_transfer
TXN-7198ED3E3D,ACCT-1037,2026-06-10T17:50:43,656.02,Cedar Point Electronics,card_payment
TXN-38F2564179,ACCT-1015,2026-06-10T17:54:59,297.12,Ironclad Security LLC,ach_transfer
TXN-D30DFBBADF,ACCT-1001,2026-06-10T17:59:20,747.87,Lakeside Medical Supply,card_payment
TXN-9D2F349F65,ACCT-1003,2026-06-10T17:59:45,372.0,Crestwood Dental Group,ach_transfer
TXN-5C30740262,ACCT-1043,2026-06-10T18:20:25,389.87,Ironclad Security LLC,cash_deposit
TXN-F8ADB52432,ACCT-1051,2026-06-10T18:21:09,966.55,Acme Retail Corp,card_payment
TXN-A9E8BD8C42,ACCT-1058,2026-06-10T18:23:32,428.16,Acme Retail Corp,cash_deposit
TXN-3BD43B0BA7,ACCT-1016,2026-06-10T18:29:28,1172.93,Acme Retail Corp,cash_withdrawal
TXN-ACB733ED4D,ACCT-1022,2026-06-10T18:32:01,434.6,Riverside Grocers,ach_transfer
TXN-9490069BF2,ACCT-1039,2026-06-10T18:34:06,2270.9,Northgate Pharmacy,card_payment
TXN-EF14BEB6BE,ACCT-1030,2026-06-10T18:58:25,363.05,Cedar Point Electronics,cash_deposit
TXN-E5B793BC3E,ACCT-1037,2026-06-10T19:07:34,831.53,Willow Bend Textiles,ach_transfer
TXN-BBD793AD93,ACCT-1059,2026-06-10T19:27:08,1423.73,Northgate Pharmacy,card_payment
TXN-EA29B4CC52,ACCT-1055,2026-06-10T19:46:58,649.72,Cedar Point Electronics,card_payment
TXN-A87D5DD30A,ACCT-1022,2026-06-10T20:01:31,304.23,Greenfield Logistics,cash_withdrawal
TXN-03A4641539,ACCT-1036,2026-06-10T20:02:51,98.88,Harbor View Realty,ach_transfer
TXN-33868B847C,ACCT-1036,2026-06-10T20:04:53,423.14,Metro Utilities Co,card_payment
TXN-8562C42DE6,ACCT-1046,2026-06-10T20:04:59,1044.77,Maple Street Cafe,card_payment
TXN-2AC297E668,ACCT-1049,2026-06-10T20:05:11,1109.22,Sunrise Bakery,wire_transfer
TXN-03EF2AEB97,ACCT-1015,2026-06-10T20:14:10,1527.26,Harbor View Realty,card_payment
TXN-923EB1960B,ACCT-1032,2026-06-10T20:21:20,1187.04,Blue Harbor Supplies,card_payment
TXN-A7EBAB47E7,ACCT-1016,2026-06-10T21:14:30,638.46,Blue Harbor Supplies,cash_withdrawal
TXN-AB4AB398F1,ACCT-1050,2026-06-10T21:42:03,781.28,Blue Harbor Supplies,card_payment
TXN-E6412F8053,ACCT-1016,2026-06-10T21:43:26,1420.72,Ironclad Security LLC,card_payment
TXN-2819BEB713,ACCT-1058,2026-06-10T21:49:43,730.81,Greenfield Logistics,wire_transfer
TXN-5DF7DF105F,ACCT-1036,2026-06-10T22:00:36,58.78,Metro Utilities Co,cash_deposit
TXN-485FC03C8F,ACCT-1049,2026-06-10T22:03:34,29.83,Falcon Freight Inc,wire_transfer
TXN-6D37CA60F3,ACCT-1035,2026-06-10T22:05:47,334.76,Everett Consulting Group,cash_withdrawal
TXN-7284F12012,ACCT-1049,2026-06-10T22:10:28,528.75,Crestwood Dental Group,ach_transfer
TXN-DD254B77C7,ACCT-1055,2026-06-10T22:18:22,908.52,Harbor View Realty,cash_deposit
TXN-72BC535D15,ACCT-1038,2026-06-10T22:22:16,344.27,Sunrise Bakery,cash_deposit
TXN-35033A2AD6,ACCT-1007,2026-06-10T22:26:27,477.33,Union Hardware,wire_transfer
TXN-012A1D42D8,ACCT-1027,2026-06-10T22:35:07,1062.08,Everett Consulting Group,card_payment
TXN-3A78AF43BA,ACCT-1035,2026-06-10T22:41:44,1207.31,Falcon Freight Inc,card_payment
TXN-6961E0690A,ACCT-1041,2026-06-10T22:52:18,427.05,Maple Street Cafe,card_payment
TXN-8B01989891,ACCT-1014,2026-06-10T22:52:22,317.91,Metro Utilities Co,card_payment
TXN-6D064906E1,ACCT-1026,2026-06-10T23:14:53,837.63,Crestwood Dental Group,cash_deposit
TXN-F6224A165D,ACCT-1007,2026-06-10T23:16:36,430.59,Lakeside Medical Supply,card_payment
TXN-23E3273477,ACCT-1057,2026-06-10T23:35:25,1370.82,Willow Bend Textiles,card_payment
TXN-99A4AA8CCC,ACCT-1025,2026-06-10T23:40:00,1413.12,Riverside Grocers,ach_transfer
TXN-A5C575CEFF,ACCT-1013,2026-06-10T23:43:01,371.9,Silver Creek Farms,card_payment
TXN-43A865D8D2,ACCT-1032,2026-06-10T23:46:50,572.56,Cedar Point Electronics,card_payment
TXN-629015729B,ACCT-1043,2026-06-11T00:09:00,185.91,Acme Retail Corp,ach_transfer
TXN-B47952FEBD,ACCT-1038,2026-06-11T00:41:32,564.83,Sunrise Bakery,ach_transfer
TXN-35ADFCBD46,ACCT-1028,2026-06-11T00:48:40,495.3,Willow Bend Textiles,card_payment
TXN-F5F7242076,ACCT-1045,2026-06-11T00:58:39,331.68,Lakeside Medical Supply,card_payment
TXN-E7A16E1D01,ACCT-1011,2026-06-11T01:13:23,380.15,Palmdale Auto Parts,cash_deposit
TXN-30558960FF,ACCT-1016,2026-06-11T01:26:06,838.35,Northgate Pharmacy,cash_withdrawal
TXN-0B2CCC4F0F,ACCT-1054,2026-06-11T01:28:10,2168.44,Riverside Grocers,cash_withdrawal
TXN-C1B8644EA4,ACCT-1021,2026-06-11T01:29:16,750.23,Metro Utilities Co,card_payment
TXN-AF7E3B2758,ACCT-1058,2026-06-11T01:31:20,394.5,Harbor View Realty,cash_deposit
TXN-F8070B8DD5,ACCT-1041,2026-06-11T01:41:13,325.83,Northgate Pharmacy,wire_transfer
TXN-509CEA6544,ACCT-1017,2026-06-11T01:50:58,989.1,Silver Creek Farms,ach_transfer
TXN-825DDFFE85,ACCT-1017,2026-06-11T01:51:47,843.09,Silver Creek Farms,ach_transfer
TXN-FA00029019,ACCT-1057,2026-06-11T01:55:41,722.44,Willow Bend Textiles,card_payment
TXN-997E03ED1C,ACCT-1001,2026-06-11T02:06:43,686.22,Crestwood Dental Group,wire_transfer
TXN-7267F922C0,ACCT-1034,2026-06-11T02:27:14,673.08,Union Hardware,card_payment
TXN-7616A2CD9B,ACCT-1018,2026-06-11T02:47:49,313.91,Crestwood Dental Group,card_payment
TXN-E5D63BDAD5,ACCT-1021,2026-06-11T02:49:04,343.4,Northgate Pharmacy,card_payment
TXN-940CB72795,ACCT-1043,2026-06-11T02:56:00,227.62,Everett Consulting Group,wire_transfer
TXN-56B086A9B4,ACCT-1044,2026-06-11T03:02:22,321.2,Falcon Freight Inc,wire_transfer
TXN-FA4F44EF66,ACCT-1001,2026-06-11T03:06:43,1136.56,Falcon Freight Inc,card_payment
TXN-A459CA4259,ACCT-1017,2026-06-11T03:20:23,1494.5,Falcon Freight Inc,cash_deposit
TXN-94A5B33C90,ACCT-1007,2026-06-11T03:33:20,688.09,Falcon Freight Inc,cash_withdrawal
TXN-06749DB0A9,ACCT-1051,2026-06-11T03:41:58,356.11,Falcon Freight Inc,ach_transfer
TXN-D8251A114E,ACCT-1043,2026-06-11T04:24:00,60.93,Willow Bend Textiles,card_payment
TXN-79EE184D8D,ACCT-1058,2026-06-11T04:24:00,373.52,Acme Retail Corp,card_payment
TXN-2A37F0DD66,ACCT-1043,2026-06-11T04:26:00,187.21,Bright Path Insurance,cash_deposit
TXN-28A2D46877,ACCT-1023,2026-06-11T04:38:41,179.28,Maple Street Cafe,card_payment
TXN-AC858B6832,ACCT-1021,2026-06-11T04:45:21,591.38,Riverside Grocers,wire_transfer
TXN-8EC75A8495,ACCT-1053,2026-06-11T05:23:16,181.7,Maple Street Cafe,card_payment
TXN-90119C1286,ACCT-1000,2026-06-11T05:32:08,53.3,Sunrise Bakery,cash_withdrawal
TXN-F6D177C7BE,ACCT-1017,2026-06-11T05:33:24,661.69,Metro Utilities Co,ach_transfer
TXN-EAD2420C8E,ACCT-1041,2026-06-11T05:41:49,602.04,Riverside Grocers,ach_transfer
TXN-FDCD19F954,ACCT-1041,2026-06-11T05:59:26,241.46,Maple Street Cafe,ach_transfer
TXN-D61C470004,ACCT-1020,2026-06-11T06:04:36,549.48,Ironclad Security LLC,wire_transfer
TXN-8DBD45B56D,ACCT-1029,2026-06-11T06:09:18,2028.43,Metro Utilities Co,wire_transfer
TXN-A4D0E44F50,ACCT-1005,2026-06-11T06:17:22,213.84,Metro Utilities Co,card_payment
TXN-8BF5889FCF,ACCT-1038,2026-06-11T06:27:02,996.63,Willow Bend Textiles,cash_withdrawal
TXN-8F96581795,ACCT-1015,2026-06-11T06:46:22,787.23,Everett Consulting Group,ach_transfer
TXN-9D68E606F0,ACCT-1053,2026-06-11T06:59:31,859.76,Maple Street Cafe,card_payment
TXN-4B64C2D172,ACCT-1022,2026-06-11T07:37:05,337.87,Willow Bend Textiles,card_payment
TXN-EA0842ACED,ACCT-1034,2026-06-11T07:43:15,2420.55,Riverside Grocers,cash_deposit
TXN-2B7C3E6350,ACCT-1043,2026-06-11T07:55:00,50.33,Maple Street Cafe,cash_deposit
TXN-CBF04B0958,ACCT-1025,2026-06-11T08:14:50,1481.96,Harbor View Realty,wire_transfer
TXN-13B566CFDD,ACCT-1036,2026-06-11T08:34:00,1076.96,Crestwood Dental Group,cash_withdrawal
TXN-7CCF3D8212,ACCT-1048,2026-06-11T08:36:39,500.35,Riverside Grocers,ach_transfer
TXN-5874530780,ACCT-1012,2026-06-11T09:06:53,217.56,Riverside Grocers,card_payment
TXN-E3EE88DD9D,ACCT-1038,2026-06-11T09:15:03,95.14,Union Hardware,card_payment
TXN-8C01FE910B,ACCT-1017,2026-06-11T09:18:44,379.01,Maple Street Cafe,card_payment
TXN-B698483E70,ACCT-1014,2026-06-11T09:27:13,658.6,Willow Bend Textiles,card_payment
TXN-A46C19BF55,ACCT-1057,2026-06-11T09:48:32,543.06,Everett Consulting Group,wire_transfer
TXN-38C46895A7,ACCT-1043,2026-06-11T10:10:00,273.19,Riverside Grocers,ach_transfer
TXN-E52C3B1A81,ACCT-1047,2026-06-11T10:20:33,1430.05,Greenfield Logistics,card_payment
TXN-4891B12F9C,ACCT-1043,2026-06-11T10:21:00,248.57,Sunrise Bakery,cash_withdrawal
TXN-1D30138AED,ACCT-1043,2026-06-11T10:24:00,452.58,Harbor View Realty,ach_transfer
TXN-7F88771EC0,ACCT-1012,2026-06-11T10:45:17,195.42,Crestwood Dental Group,card_payment
TXN-95BA7549E3,ACCT-1026,2026-06-11T11:04:28,585.25,Lakeside Medical Supply,ach_transfer
TXN-FE2C83311C,ACCT-1042,2026-06-11T11:06:15,1418.33,Willow Bend Textiles,card_payment
TXN-FACC720084,ACCT-1006,2026-06-11T11:10:47,556.72,Riverside Grocers,ach_transfer
TXN-14C9257D46,ACCT-1036,2026-06-11T11:38:41,2484.33,Riverside Grocers,card_payment
TXN-6131E44198,ACCT-1010,2026-06-11T11:39:07,592.96,Everett Consulting Group,card_payment
TXN-1ED3E3B497,ACCT-1003,2026-06-11T11:44:20,503.25,Falcon Freight Inc,ach_transfer
TXN-794187A3DE,ACCT-1043,2026-06-11T11:46:00,102.73,Ironclad Security LLC,ach_transfer
TXN-1754297AEE,ACCT-1026,2026-06-11T11:57:15,728.53,Acme Retail Corp,ach_transfer
TXN-3A107A3BD7,ACCT-1039,2026-06-11T12:14:01,850.93,Greenfield Logistics,cash_deposit
TXN-23A2286E0C,ACCT-1051,2026-06-11T12:24:27,175.82,Crestwood Dental Group,card_payment
TXN-DF013BAB96,ACCT-1043,2026-06-11T12:26:00,79.12,Metro Utilities Co,wire_transfer
TXN-6797AD9945,ACCT-1053,2026-06-11T13:00:06,460.86,Bright Path Insurance,ach_transfer
TXN-3ABB0479BC,ACCT-1009,2026-06-11T13:14:40,963.32,Lakeside Medical Supply,card_payment
TXN-4137120B08,ACCT-1022,2026-06-11T13:16:14,34.35,Acme Retail Corp,card_payment
TXN-818171E547,ACCT-1006,2026-06-11T13:36:23,929.95,Riverside Grocers,card_payment
TXN-5EEB809AFF,ACCT-1024,2026-06-11T13:41:15,392.76,Cedar Point Electronics,cash_withdrawal
TXN-4AF41CF945,ACCT-1027,2026-06-11T13:51:07,584.32,Greenfield Logistics,ach_transfer
TXN-380B0D5A41,ACCT-1023,2026-06-11T14:17:57,835.06,Union Hardware,cash_withdrawal
TXN-DFD60ECD57,ACCT-1038,2026-06-11T14:30:24,444.39,Falcon Freight Inc,card_payment
TXN-F0DC330E1A,ACCT-1043,2026-06-11T14:52:35,1257.92,Northgate Pharmacy,wire_transfer
TXN-6A045B92D1,ACCT-1025,2026-06-11T15:17:22,904.47,Sunrise Bakery,ach_transfer
TXN-35CD73A7C9,ACCT-1035,2026-06-11T15:38:01,1332.25,Metro Utilities Co,ach_transfer
TXN-FBF943A48A,ACCT-1048,2026-06-11T15:42:53,847.21,Union Hardware,card_payment
TXN-41A484216A,ACCT-1015,2026-06-11T15:44:54,1274.55,Sunrise Bakery,ach_transfer
TXN-381E06FA0D,ACCT-1043,2026-06-11T15:55:19,372.92,Bright Path Insurance,card_payment
TXN-3E93335321,ACCT-1055,2026-06-11T16:09:36,582.53,Crestwood Dental Group,cash_deposit
TXN-D848C5CCE2,ACCT-1051,2026-06-11T16:17:18,549.1,Palmdale Auto Parts,wire_transfer
TXN-EBBC44D23A,ACCT-1049,2026-06-11T16:26:49,49.15,Everett Consulting Group,card_payment
TXN-935EAEEB16,ACCT-1015,2026-06-11T16:37:50,271.47,Sunrise Bakery,ach_transfer
TXN-7E30C328D1,ACCT-1020,2026-06-11T16:55:04,385.65,Bright Path Insurance,wire_transfer
TXN-E264539B59,ACCT-1002,2026-06-11T16:55:54,130.07,Harbor View Realty,card_payment
TXN-9AD4C6068A,ACCT-1055,2026-06-11T16:56:55,331.83,Willow Bend Textiles,ach_transfer
TXN-7401F073F8,ACCT-1043,2026-06-11T17:03:36,448.08,Crestwood Dental Group,ach_transfer
TXN-4B50ECE53F,ACCT-1003,2026-06-11T17:13:18,1425.08,Crestwood Dental Group,ach_transfer
TXN-8A506947AD,ACCT-1023,2026-06-11T17:42:09,495.6,Riverside Grocers,wire_transfer
TXN-7B8BF7D11E,ACCT-1015,2026-06-11T17:48:18,506.97,Ironclad Security LLC,wire_transfer
TXN-C9540B66FD,ACCT-1050,2026-06-11T17:49:34,759.93,Harbor View Realty,wire_transfer
TXN-43346585FC,ACCT-1051,2026-06-11T18:03:49,288.9,Silver Creek Farms,cash_withdrawal
TXN-CDFEBDCCDE,ACCT-1033,2026-06-11T18:05:40,216.27,Blue Harbor Supplies,ach_transfer
TXN-246698A92E,ACCT-1031,2026-06-11T18:06:37,372.65,Sunrise Bakery,cash_withdrawal
TXN-5D5CD494B7,ACCT-1049,2026-06-11T18:07:35,609.78,Lakeside Medical Supply,card_payment
TXN-5671EB0D9D,ACCT-1041,2026-06-11T18:11:22,251.46,Lakeside Medical Supply,card_payment
TXN-5092089C29,ACCT-1018,2026-06-11T18:13:17,1230.42,Union Hardware,ach_transfer
TXN-CBBD19BB54,ACCT-1019,2026-06-11T18:13:31,1136.69,Maple Street Cafe,wire_transfer
TXN-EA1BCE3C87,ACCT-1043,2026-06-11T18:17:00,507.01,Harbor View Realty,cash_deposit
TXN-F62FB0FB22,ACCT-1029,2026-06-11T18:50:52,1486.85,Maple Street Cafe,cash_withdrawal
TXN-0BC9AA753D,ACCT-1034,2026-06-11T18:56:16,1182.39,Sunrise Bakery,ach_transfer
TXN-994C4B4700,ACCT-1043,2026-06-11T19:03:00,32.88,Harbor View Realty,cash_withdrawal
TXN-66144F3ADA,ACCT-1054,2026-06-11T19:08:42,131.16,Greenfield Logistics,cash_withdrawal
TXN-017DF8ED67,ACCT-1012,2026-06-11T19:33:21,1206.79,Cedar Point Electronics,cash_deposit
TXN-5F4ED88E2E,ACCT-1023,2026-06-11T19:34:45,1522.62,Riverside Grocers,ach_transfer
TXN-258387B06B,ACCT-1021,2026-06-11T19:40:56,336.94,Crestwood Dental Group,card_payment
TXN-7E1D0EC8C6,ACCT-1044,2026-06-11T19:41:51,217.92,Silver Creek Farms,ach_transfer
TXN-023707DD05,ACCT-1027,2026-06-11T19:48:31,178.4,Sunrise Bakery,cash_withdrawal
TXN-D690C41AAE,ACCT-1002,2026-06-11T19:58:02,772.12,Maple Street Cafe,ach_transfer
TXN-2FF2CF708B,ACCT-1014,2026-06-11T20:19:04,301.43,Sunrise Bakery,cash_withdrawal
TXN-0CCA95EF7F,ACCT-1010,2026-06-11T20:19:52,993.82,Silver Creek Farms,ach_transfer
TXN-560E7BB91D,ACCT-1045,2026-06-11T20:36:27,935.03,Riverside Grocers,wire_transfer
TXN-DA18BE99A5,ACCT-1035,2026-06-11T20:45:04,520.67,Metro Utilities Co,cash_deposit
TXN-77476C5E44,ACCT-1000,2026-06-11T20:47:17,531.36,Bright Path Insurance,card_payment
TXN-BCA82B4489,ACCT-1027,2026-06-11T20:47:17,507.23,Everett Consulting Group,ach_transfer
TXN-B86BB60365,ACCT-1043,2026-06-11T20:55:00,522.4,Blue Harbor Supplies,cash_deposit
TXN-F9D9A126E1,ACCT-1044,2026-06-11T21:05:40,843.63,Lakeside Medical Supply,cash_deposit
TXN-AB983CAD6B,ACCT-1023,2026-06-11T21:13:38,153.29,Bright Path Insurance,cash_withdrawal
TXN-E58C27C0E7,ACCT-1015,2026-06-11T21:18:29,144.31,Crestwood Dental Group,ach_transfer
TXN-FD8DADE348,ACCT-1043,2026-06-11T21:22:11,1325.03,Metro Utilities Co,cash_deposit
TXN-EFA8C90596,ACCT-1014,2026-06-11T21:36:03,114.08,Lakeside Medical Supply,ach_transfer
TXN-AA0352C4C9,ACCT-1009,2026-06-11T21:45:24,719.06,Union Hardware,cash_deposit
TXN-63FF60CA31,ACCT-1012,2026-06-11T22:20:44,891.71,Silver Creek Farms,ach_transfer
TXN-B0391CB6BD,ACCT-1043,2026-06-11T22:22:31,1088.02,Willow Bend Textiles,cash_withdrawal
TXN-2AD2541D9C,ACCT-1032,2026-06-11T22:31:23,336.21,Sunrise Bakery,wire_transfer
TXN-DD84219DA1,ACCT-1011,2026-06-11T22:36:03,148.33,Sunrise Bakery,card_payment
TXN-E1DC9A9BDB,ACCT-1054,2026-06-11T22:46:05,712.34,Ironclad Security LLC,card_payment
TXN-3DFA520A5F,ACCT-1046,2026-06-11T22:47:01,224.33,Willow Bend Textiles,cash_deposit
TXN-F1DEF7CBF3,ACCT-1028,2026-06-11T22:59:18,410.51,Metro Utilities Co,wire_transfer
TXN-01E43C3E36,ACCT-1032,2026-06-11T23:33:27,1654.14,Sunrise Bakery,wire_transfer
TXN-A1C0D43F3C,ACCT-1033,2026-06-11T23:34:46,913.61,Silver Creek Farms,card_payment
TXN-B36B31FA1E,ACCT-1045,2026-06-11T23:35:41,622.83,Crestwood Dental Group,cash_withdrawal
TXN-31D289399E,ACCT-1045,2026-06-11T23:37:35,716.68,Bright Path Insurance,card_payment
TXN-46A6EE3EB0,ACCT-1053,2026-06-11T23:46:00,470.26,Bright Path Insurance,ach_transfer
TXN-5F7ED40A6E,ACCT-1014,2026-06-11T23:52:57,1473.55,Northgate Pharmacy,cash_deposit
TXN-1F3A59D8EB,ACCT-1023,2026-06-11T23:59:09,981.25,Blue Harbor Supplies,card_payment
TXN-3FCCCD91E4,ACCT-1052,2026-06-12T00:26:02,1053.73,Harbor View Realty,wire_transfer
TXN-3F224D27E8,ACCT-1043,2026-06-12T00:32:04,791.42,Silver Creek Farms,card_payment
TXN-C9321BB117,ACCT-1055,2026-06-12T00:39:57,475.59,Sunrise Bakery,cash_deposit
TXN-08DB99CE78,ACCT-1001,2026-06-12T00:42:34,483.3,Crestwood Dental Group,card_payment
TXN-D6C35C8299,ACCT-1001,2026-06-12T00:45:58,486.56,Silver Creek Farms,card_payment
TXN-BEF65D8E2C,ACCT-1058,2026-06-12T00:52:47,1386.44,Willow Bend Textiles,ach_transfer
TXN-B3BFDAAA45,ACCT-1017,2026-06-12T01:20:27,974.71,Falcon Freight Inc,card_payment
TXN-61B60E7672,ACCT-1051,2026-06-12T01:29:41,1051.32,Maple Street Cafe,cash_deposit
TXN-5474F7E29B,ACCT-1035,2026-06-12T01:58:00,136.85,Silver Creek Farms,card_payment
TXN-BA56FD7041,ACCT-1001,2026-06-12T02:28:07,212.01,Harbor View Realty,ach_transfer
TXN-B40C37F8CE,ACCT-1032,2026-06-12T02:34:29,215.91,Maple Street Cafe,cash_deposit
TXN-CC45E23A5A,ACCT-1035,2026-06-12T02:41:00,178.13,Falcon Freight Inc,ach_transfer
TXN-5A6B99CA36,ACCT-1008,2026-06-12T02:47:39,723.0,Harbor View Realty,cash_deposit
TXN-B94F216AC6,ACCT-1053,2026-06-12T02:58:31,363.48,Harbor View Realty,card_payment
TXN-882AA253DB,ACCT-1034,2026-06-12T03:00:31,247.14,Silver Creek Farms,cash_deposit
TXN-018E433CC7,ACCT-1013,2026-06-12T03:03:44,1235.68,Blue Harbor Supplies,card_payment
TXN-51481F249D,ACCT-1018,2026-06-12T03:03:57,466.69,Everett Consulting Group,card_payment
TXN-E1ABD01AE5,ACCT-1000,2026-06-12T03:18:05,1349.37,Greenfield Logistics,card_payment
TXN-F0CE42FEF6,ACCT-1025,2026-06-12T03:22:44,497.07,Willow Bend Textiles,card_payment
TXN-98F914C52E,ACCT-1025,2026-06-12T03:23:02,323.86,Blue Harbor Supplies,ach_transfer
TXN-E378C77BC2,ACCT-1035,2026-06-12T03:45:00,183.86,Cedar Point Electronics,cash_deposit
TXN-198907100B,ACCT-1042,2026-06-12T03:46:52,575.03,Northgate Pharmacy,wire_transfer
TXN-47D4499F08,ACCT-1000,2026-06-12T03:47:36,514.04,Lakeside Medical Supply,ach_transfer
TXN-D11404773C,ACCT-1014,2026-06-12T03:48:54,154.14,Maple Street Cafe,card_payment
TXN-02B293B1AC,ACCT-1012,2026-06-12T04:40:37,1055.44,Crestwood Dental Group,ach_transfer
TXN-DABC7D2A6B,ACCT-1035,2026-06-12T05:02:00,61.52,Greenfield Logistics,cash_deposit
TXN-86426CE1BD,ACCT-1035,2026-06-12T05:19:00,78.05,Greenfield Logistics,wire_transfer
TXN-3FDE80F7F6,ACCT-1017,2026-06-12T05:19:02,374.26,Palmdale Auto Parts,wire_transfer
TXN-4A11EFCFFD,ACCT-1054,2026-06-12T05:20:03,712.6,Sunrise Bakery,cash_withdrawal
TXN-FEC8CF606C,ACCT-1039,2026-06-12T05:24:23,560.47,Riverside Grocers,cash_deposit
TXN-E83A53A556,ACCT-1044,2026-06-12T05:56:24,830.04,Union Hardware,card_payment
TXN-3A71657D17,ACCT-1021,2026-06-12T05:58:00,715.61,Falcon Freight Inc,wire_transfer
TXN-D9530D533A,ACCT-1035,2026-06-12T06:10:00,296.9,Sunrise Bakery,ach_transfer
TXN-EDBFAC1E14,ACCT-1007,2026-06-12T06:21:47,519.23,Harbor View Realty,card_payment
TXN-E1313787C3,ACCT-1043,2026-06-12T06:23:38,596.54,Maple Street Cafe,cash_withdrawal
TXN-6FE8D9917B,ACCT-1042,2026-06-12T07:14:24,416.94,Crestwood Dental Group,card_payment
TXN-9D810743BA,ACCT-1041,2026-06-12T07:39:29,479.59,Harbor View Realty,ach_transfer
TXN-A6C2B83EC7,ACCT-1039,2026-06-12T07:40:20,653.37,Riverside Grocers,ach_transfer
TXN-197D594901,ACCT-1029,2026-06-12T07:46:04,709.82,Willow Bend Textiles,cash_withdrawal
TXN-ABC3BEB44B,ACCT-1001,2026-06-12T08:10:04,1648.53,Palmdale Auto Parts,cash_deposit
TXN-798D16E943,ACCT-1044,2026-06-12T08:31:46,144.55,Willow Bend Textiles,card_payment
TXN-E67295D9E7,ACCT-1035,2026-06-12T08:47:00,277.43,Harbor View Realty,card_payment
TXN-794F17DF34,ACCT-1040,2026-06-12T09:00:00,5646.47,Riverside Grocers,cash_deposit
TXN-76AF1816F4,ACCT-1003,2026-06-12T09:09:55,393.8,Greenfield Logistics,wire_transfer
TXN-33536BAC19,ACCT-1014,2026-06-12T09:13:52,239.26,Northgate Pharmacy,card_payment
TXN-7A0765CB6F,ACCT-1026,2026-06-12T09:29:57,303.14,Maple Street Cafe,card_payment
TXN-87E7B54BDD,ACCT-1035,2026-06-12T09:33:00,197.24,Falcon Freight Inc,cash_withdrawal
TXN-8114A93EC9,ACCT-1007,2026-06-12T09:33:07,923.38,Falcon Freight Inc,card_payment
TXN-DC7C68A668,ACCT-1053,2026-06-12T09:55:22,582.56,Bright Path Insurance,card_payment
TXN-A440E30491,ACCT-1043,2026-06-12T10:00:52,564.89,Sunrise Bakery,cash_deposit
TXN-5DA92AA98A,ACCT-1035,2026-06-12T10:06:00,128.48,Union Hardware,wire_transfer
TXN-AB94EC62C7,ACCT-1026,2026-06-12T10:07:30,2359.15,Lakeside Medical Supply,ach_transfer
TXN-526DCA4E14,ACCT-1011,2026-06-12T10:52:20,258.4,Ironclad Security LLC,wire_transfer
TXN-4B4B31CF0A,ACCT-1028,2026-06-12T10:59:06,845.62,Acme Retail Corp,cash_deposit
TXN-BFF498CCBF,ACCT-1000,2026-06-12T11:00:00,39784.74,Palmdale Auto Parts,wire_transfer
TXN-C0D96F80D8,ACCT-1023,2026-06-12T11:02:43,55.77,Northgate Pharmacy,cash_withdrawal
TXN-94C63CE341,ACCT-1049,2026-06-12T11:03:06,1143.06,Riverside Grocers,wire_transfer
TXN-197DB40499,ACCT-1025,2026-06-12T11:03:10,1868.68,Union Hardware,card_payment
TXN-9DB9113747,ACCT-1036,2026-06-12T11:14:44,68.05,Lakeside Medical Supply,cash_withdrawal
TXN-19376A426F,ACCT-1038,2026-06-12T11:15:55,437.9,Falcon Freight Inc,card_payment
TXN-25148DEEB1,ACCT-1054,2026-06-12T11:30:37,1059.85,Greenfield Logistics,ach_transfer
TXN-7D93CA4B30,ACCT-1003,2026-06-12T11:43:50,130.4,Greenfield Logistics,ach_transfer
TXN-5D41BD2DD8,ACCT-1022,2026-06-12T11:50:09,1252.79,Sunrise Bakery,cash_deposit
TXN-93A2779F69,ACCT-1010,2026-06-12T11:55:33,565.09,Falcon Freight Inc,card_payment
TXN-61820D28CA,ACCT-1037,2026-06-12T12:07:36,1177.76,Everett Consulting Group,cash_withdrawal
TXN-CFCDF2B1B1,ACCT-1053,2026-06-12T12:08:02,244.62,Cedar Point Electronics,wire_transfer
TXN-CF2666AD5E,ACCT-1035,2026-06-12T12:09:22,1221.71,Cedar Point Electronics,ach_transfer
TXN-6574B75156,ACCT-1041,2026-06-12T12:47:14,1137.14,Everett Consulting Group,ach_transfer
TXN-096C42DDA8,ACCT-1037,2026-06-12T12:50:09,383.51,Crestwood Dental Group,card_payment
TXN-7AA0578C3E,ACCT-1025,2026-06-12T13:13:25,620.61,Greenfield Logistics,cash_deposit
TXN-08F317B073,ACCT-1052,2026-06-12T13:13:38,1326.47,Harbor View Realty,ach_transfer
TXN-1082B14855,ACCT-1034,2026-06-12T13:14:31,488.9,Palmdale Auto Parts,cash_withdrawal
TXN-86D6CEFB45,ACCT-1027,2026-06-12T13:38:18,1238.18,Falcon Freight Inc,cash_deposit
TXN-7A52CA36F2,ACCT-1058,2026-06-12T13:42:21,346.93,Bright Path Insurance,card_payment
TXN-4C3FA40ACF,ACCT-1040,2026-06-12T13:44:48,1849.19,Greenfield Logistics,card_payment
TXN-8A1BCB5161,ACCT-1000,2026-06-12T13:50:19,560.51,Union Hardware,wire_transfer
TXN-3A249C97B7,ACCT-1036,2026-06-12T14:06:49,649.21,Falcon Freight Inc,cash_deposit
TXN-E9AE45C7AF,ACCT-1010,2026-06-12T14:06:56,461.46,Riverside Grocers,wire_transfer
TXN-06642DB266,ACCT-1003,2026-06-12T14:31:23,260.76,Greenfield Logistics,cash_deposit
TXN-25E56A3097,ACCT-1030,2026-06-12T14:50:47,940.62,Greenfield Logistics,ach_transfer
TXN-BEEDB7EACA,ACCT-1015,2026-06-12T14:56:18,483.61,Sunrise Bakery,cash_withdrawal
TXN-F96AEF73F1,ACCT-1021,2026-06-12T14:58:33,1517.9,Willow Bend Textiles,card_payment
TXN-C5A28A7173,ACCT-1040,2026-06-12T15:00:00,6106.12,Union Hardware,cash_deposit
TXN-B946DC5D1F,ACCT-1015,2026-06-12T15:08:06,1387.44,Ironclad Security LLC,wire_transfer
TXN-ECD5576FC1,ACCT-1022,2026-06-12T15:10:40,444.67,Northgate Pharmacy,cash_deposit
TXN-B1A3C5B1EC,ACCT-1002,2026-06-12T15:16:27,245.3,Greenfield Logistics,wire_transfer
TXN-1FE33D1595,ACCT-1038,2026-06-12T15:19:44,684.79,Bright Path Insurance,cash_withdrawal
TXN-D6F43C0DE8,ACCT-1031,2026-06-12T15:28:12,592.17,Cedar Point Electronics,cash_withdrawal
TXN-76E01490B4,ACCT-1032,2026-06-12T15:41:32,497.96,Riverside Grocers,card_payment
TXN-BECB088CBD,ACCT-1040,2026-06-12T16:00:00,4769.13,Harbor View Realty,cash_deposit
TXN-A79476A889,ACCT-1034,2026-06-12T16:21:04,1878.34,Falcon Freight Inc,wire_transfer
TXN-9A9E8C9CE7,ACCT-1013,2026-06-12T16:28:58,1145.3,Ironclad Security LLC,cash_withdrawal
TXN-936C85F203,ACCT-1016,2026-06-12T16:33:19,43.16,Sunrise Bakery,card_payment
TXN-1CCC748876,ACCT-1056,2026-06-12T16:56:09,577.33,Riverside Grocers,cash_withdrawal
TXN-27F2094817,ACCT-1006,2026-06-12T17:04:34,1045.82,Union Hardware,card_payment
TXN-8E805631DF,ACCT-1043,2026-06-12T17:10:01,88.83,Ironclad Security LLC,card_payment
TXN-E67550A76A,ACCT-1056,2026-06-12T17:14:05,362.72,Ironclad Security LLC,wire_transfer
TXN-BD782AC86B,ACCT-1049,2026-06-12T17:14:10,978.2,Acme Retail Corp,cash_deposit
TXN-46EC542695,ACCT-1011,2026-06-12T17:58:36,892.59,Harbor View Realty,ach_transfer
TXN-75F30406D7,ACCT-1017,2026-06-12T18:04:29,284.41,Everett Consulting Group,ach_transfer
TXN-58AAFA662F,ACCT-1051,2026-06-12T18:13:56,1068.64,Maple Street Cafe,cash_withdrawal
TXN-1F2EA4E9F6,ACCT-1044,2026-06-12T18:20:17,376.1,Greenfield Logistics,card_payment
TXN-9FD3526C65,ACCT-1058,2026-06-12T18:21:27,557.61,Palmdale Auto Parts,ach_transfer
TXN-E17BE9A98E,ACCT-1029,2026-06-12T18:39:13,269.38,Maple Street Cafe,wire_transfer
TXN-DAA40CC70D,ACCT-1055,2026-06-12T18:39:25,672.99,Northgate Pharmacy,cash_withdrawal
TXN-F0E9778945,ACCT-1015,2026-06-12T18:41:38,400.14,Sunrise Bakery,card_payment
TXN-863E500509,ACCT-1029,2026-06-12T18:48:31,1210.55,Maple Street Cafe,wire_transfer
TXN-EBE0D5B4F7,ACCT-1031,2026-06-12T19:09:52,769.69,Metro Utilities Co,cash_withdrawal
TXN-1C137241D5,ACCT-1006,2026-06-12T19:26:28,459.32,Northgate Pharmacy,card_payment
TXN-142434B115,ACCT-1037,2026-06-12T19:38:36,956.21,Metro Utilities Co,cash_deposit
TXN-6BBC630BE1,ACCT-1039,2026-06-12T19:57:46,805.98,Blue Harbor Supplies,card_payment
TXN-850CDDEBCA,ACCT-1009,2026-06-12T20:10:11,147.78,Riverside Grocers,ach_transfer
TXN-C0CD067053,ACCT-1034,2026-06-12T20:29:19,574.51,Riverside Grocers,card_payment
TXN-2280594980,ACCT-1024,2026-06-12T20:29:51,292.61,Falcon Freight Inc,wire_transfer
TXN-8695028E62,ACCT-1035,2026-06-12T20:45:00,369.21,Acme Retail Corp,cash_withdrawal
TXN-6C5521A4BD,ACCT-1018,2026-06-12T20:49:53,396.06,Blue Harbor Supplies,cash_withdrawal
TXN-0DB999357C,ACCT-1056,2026-06-12T20:51:43,365.12,Northgate Pharmacy,cash_deposit
TXN-AFC5A3506A,ACCT-1035,2026-06-12T20:55:00,276.78,Metro Utilities Co,ach_transfer
TXN-9DBF0655EE,ACCT-1020,2026-06-12T20:56:08,441.4,Willow Bend Textiles,cash_withdrawal
TXN-415D2BC520,ACCT-1053,2026-06-12T21:14:12,383.35,Blue Harbor Supplies,card_payment
TXN-87EB39BCCD,ACCT-1006,2026-06-12T21:14:27,471.25,Crestwood Dental Group,cash_deposit
TXN-16CD0B4185,ACCT-1037,2026-06-12T21:29:38,573.5,Everett Consulting Group,wire_transfer
TXN-B2AA2AC5BA,ACCT-1051,2026-06-12T21:33:13,692.9,Acme Retail Corp,card_payment
TXN-448FBEE2A6,ACCT-1041,2026-06-12T21:41:20,631.52,Ironclad Security LLC,card_payment
TXN-D5542AF0B1,ACCT-1055,2026-06-12T21:53:38,297.76,Sunrise Bakery,cash_deposit
TXN-A014345BAB,ACCT-1053,2026-06-12T22:10:25,326.99,Maple Street Cafe,wire_transfer
TXN-8BF1FF136A,ACCT-1030,2026-06-12T22:16:08,840.73,Cedar Point Electronics,card_payment
TXN-5BDFC097D5,ACCT-1055,2026-06-12T22:24:39,1357.36,Willow Bend Textiles,wire_transfer
TXN-0CFE351667,ACCT-1032,2026-06-12T22:30:58,482.63,Blue Harbor Supplies,card_payment
TXN-10DE3FFF1B,ACCT-1020,2026-06-12T23:18:40,155.62,Harbor View Realty,card_payment
TXN-266DAE3D7F,ACCT-1043,2026-06-12T23:23:16,1542.8,Palmdale Auto Parts,cash_deposit
TXN-B056B14E06,ACCT-1050,2026-06-12T23:25:33,581.85,Bright Path Insurance,ach_transfer
TXN-25C63C4993,ACCT-1058,2026-06-12T23:26:49,309.43,Willow Bend Textiles,wire_transfer
TXN-AA4AF04D51,ACCT-1020,2026-06-13T00:18:36,159.79,Sunrise Bakery,card_payment
TXN-9E9BD6EBB2,ACCT-1045,2026-06-13T00:25:56,177.32,Northgate Pharmacy,ach_transfer
TXN-AA6D4D4E5A,ACCT-1052,2026-06-13T00:28:00,434.64,Ironclad Security LLC,ach_transfer
TXN-090EEDC951,ACCT-1023,2026-06-13T00:35:25,3478.55,Harbor View Realty,cash_withdrawal
TXN-7D93298B0E,ACCT-1042,2026-06-13T00:35:33,493.53,Maple Street Cafe,wire_transfer
TXN-F0F23C6E81,ACCT-1039,2026-06-13T00:41:22,1443.03,Willow Bend Textiles,card_payment
TXN-428D4CE4F1,ACCT-1050,2026-06-13T00:54:07,406.87,Falcon Freight Inc,ach_transfer
TXN-8C84560734,ACCT-1015,2026-06-13T01:10:39,699.35,Crestwood Dental Group,cash_deposit
TXN-1EA33D240E,ACCT-1014,2026-06-13T01:44:44,773.0,Northgate Pharmacy,cash_deposit
TXN-E0C7215866,ACCT-1002,2026-06-13T01:48:35,1038.08,Metro Utilities Co,wire_transfer
TXN-EFF8AE617B,ACCT-1003,2026-06-13T01:51:03,438.57,Union Hardware,ach_transfer
TXN-89A2374784,ACCT-1040,2026-06-13T02:00:00,6941.49,Metro Utilities Co,cash_deposit
TXN-1CF9461B22,ACCT-1006,2026-06-13T02:16:11,321.07,Northgate Pharmacy,ach_transfer
TXN-D431543A28,ACCT-1051,2026-06-13T02:54:23,872.4,Silver Creek Farms,cash_withdrawal
TXN-0442B38CD1,ACCT-1048,2026-06-13T02:57:10,848.37,Willow Bend Textiles,wire_transfer
TXN-A293D3522A,ACCT-1002,2026-06-13T03:08:09,178.09,Blue Harbor Supplies,card_payment
TXN-E57F45BBFA,ACCT-1022,2026-06-13T03:20:35,254.31,Sunrise Bakery,card_payment
TXN-350E1262C4,ACCT-1040,2026-06-13T03:38:36,269.91,Willow Bend Textiles,cash_deposit
TXN-79963E7B21,ACCT-1002,2026-06-13T03:49:14,1464.72,Everett Consulting Group,card_payment
TXN-4D8E453F2D,ACCT-1056,2026-06-13T03:56:50,529.2,Union Hardware,cash_deposit
TXN-7672319A29,ACCT-1057,2026-06-13T04:09:13,633.73,Northgate Pharmacy,card_payment
TXN-F3AE306729,ACCT-1012,2026-06-13T04:19:46,536.63,Everett Consulting Group,cash_withdrawal
TXN-C389F509A9,ACCT-1024,2026-06-13T04:31:36,984.66,Everett Consulting Group,wire_transfer
TXN-0CC381D303,ACCT-1013,2026-06-13T04:43:00,583.85,Metro Utilities Co,card_payment
TXN-E4B14733A6,ACCT-1007,2026-06-13T04:51:14,374.94,Union Hardware,ach_transfer
TXN-014C682DE8,ACCT-1009,2026-06-13T04:58:38,1626.33,Riverside Grocers,cash_withdrawal
TXN-F14A62C513,ACCT-1021,2026-06-13T05:15:42,210.27,Falcon Freight Inc,card_payment
TXN-456306AACD,ACCT-1020,2026-06-13T05:30:12,350.19,Riverside Grocers,cash_withdrawal
TXN-54F90714EE,ACCT-1019,2026-06-13T05:33:10,202.18,Union Hardware,wire_transfer
TXN-D9FA800ADE,ACCT-1012,2026-06-13T05:34:43,381.23,Lakeside Medical Supply,ach_transfer
TXN-2CB5F9D533,ACCT-1043,2026-06-13T05:39:35,658.67,Palmdale Auto Parts,cash_deposit
TXN-8D39F9F936,ACCT-1048,2026-06-13T05:55:00,207.19,Everett Consulting Group,cash_deposit
TXN-AA2B51C2F0,ACCT-1000,2026-06-13T05:57:17,1137.68,Palmdale Auto Parts,ach_transfer
TXN-9C9E4108BC,ACCT-1017,2026-06-13T06:10:34,159.07,Silver Creek Farms,card_payment
TXN-3574DEEE85,ACCT-1011,2026-06-13T06:30:41,1334.01,Willow Bend Textiles,wire_transfer
TXN-A322F845D5,ACCT-1056,2026-06-13T06:57:14,424.94,Falcon Freight Inc,card_payment
TXN-5BA910FECD,ACCT-1052,2026-06-13T06:59:15,335.2,Northgate Pharmacy,cash_withdrawal
TXN-C4636FA64B,ACCT-1026,2026-06-13T07:08:40,1115.22,Greenfield Logistics,cash_deposit
TXN-9152D6BC4F,ACCT-1030,2026-06-13T07:12:57,1705.58,Sunrise Bakery,ach_transfer
TXN-E9BA02C425,ACCT-1005,2026-06-13T07:20:53,1076.21,Blue Harbor Supplies,cash_deposit
TXN-564AF34C16,ACCT-1056,2026-06-13T07:28:45,667.66,Everett Consulting Group,card_payment
TXN-13FAB9FA93,ACCT-1008,2026-06-13T07:32:35,489.56,Bright Path Insurance,cash_deposit
TXN-02E75EDA30,ACCT-1059,2026-06-13T07:54:54,685.48,Willow Bend Textiles,ach_transfer
TXN-EE5FE37EAB,ACCT-1002,2026-06-13T08:02:37,1940.14,Greenfield Logistics,card_payment
TXN-13268E9A52,ACCT-1036,2026-06-13T08:08:24,58.91,Cedar Point Electronics,card_payment
TXN-0C22FC1250,ACCT-1050,2026-06-13T08:34:41,795.3,Willow Bend Textiles,ach_transfer
TXN-7F5CBCD428,ACCT-1036,2026-06-13T08:37:03,444.82,Lakeside Medical Supply,cash_withdrawal
TXN-7A7A1464F5,ACCT-1054,2026-06-13T08:48:24,812.23,Silver Creek Farms,card_payment
TXN-B2B5405E70,ACCT-1007,2026-06-13T08:49:12,508.14,Falcon Freight Inc,cash_deposit
TXN-A557F3943D,ACCT-1059,2026-06-13T08:57:47,320.14,Lakeside Medical Supply,ach_transfer
TXN-F7546C6535,ACCT-1046,2026-06-13T09:00:00,1620.44,Northwind Fictitious Holdings,wire_transfer
TXN-CFFCCD32B2,ACCT-1007,2026-06-13T09:00:45,97.23,Northgate Pharmacy,card_payment
TXN-36047B8E62,ACCT-1004,2026-06-13T09:21:23,122.0,Willow Bend Textiles,ach_transfer
TXN-A8959B9495,ACCT-1020,2026-06-13T09:36:49,630.66,Sunrise Bakery,cash_withdrawal
TXN-A9A6087713,ACCT-1054,2026-06-13T10:18:08,354.83,Ironclad Security LLC,cash_withdrawal
TXN-27B6A72CA7,ACCT-1053,2026-06-13T10:23:53,1100.14,Cedar Point Electronics,ach_transfer
TXN-3AAC381436,ACCT-1001,2026-06-13T10:26:03,452.8,Blue Harbor Supplies,card_payment
TXN-0772F6CE1C,ACCT-1036,2026-06-13T10:36:06,92.96,Metro Utilities Co,ach_transfer
TXN-D2877D396A,ACCT-1058,2026-06-13T10:55:53,1476.61,Greenfield Logistics,cash_withdrawal
TXN-2662113A86,ACCT-1028,2026-06-13T11:32:46,712.83,Ironclad Security LLC,card_payment
TXN-CADD1582B8,ACCT-1020,2026-06-13T11:37:30,313.03,Harbor View Realty,cash_deposit
TXN-2AB362060D,ACCT-1058,2026-06-13T11:42:23,1562.89,Riverside Grocers,ach_transfer
TXN-62CF2D9809,ACCT-1025,2026-06-13T11:54:38,492.11,Cedar Point Electronics,cash_withdrawal
TXN-B9D6B39E59,ACCT-1049,2026-06-13T12:37:38,1127.07,Everett Consulting Group,cash_withdrawal
TXN-4243BFE3B0,ACCT-1049,2026-06-13T13:13:00,419.02,Crestwood Dental Group,cash_withdrawal
TXN-4D3E90C82D,ACCT-1037,2026-06-13T13:42:17,1589.73,Bright Path Insurance,cash_deposit
TXN-2C92F62896,ACCT-1037,2026-06-13T13:44:02,399.98,Palmdale Auto Parts,cash_withdrawal
TXN-6081AF778E,ACCT-1025,2026-06-13T14:07:54,110.4,Metro Utilities Co,cash_withdrawal
TXN-D4458CCE74,ACCT-1058,2026-06-13T14:22:59,522.31,Willow Bend Textiles,cash_deposit
TXN-C4164E57B7,ACCT-1009,2026-06-13T14:34:50,1527.26,Crestwood Dental Group,cash_deposit
TXN-00BB80E1CC,ACCT-1034,2026-06-13T14:42:00,795.82,Bright Path Insurance,ach_transfer
TXN-956ACB92C3,ACCT-1058,2026-06-13T14:43:12,131.81,Willow Bend Textiles,card_payment
TXN-0F08B10CCA,ACCT-1046,2026-06-13T14:49:03,793.66,Union Hardware,cash_withdrawal
TXN-A49530CDC8,ACCT-1014,2026-06-13T14:54:23,1171.69,Ironclad Security LLC,ach_transfer
TXN-CA023FCD55,ACCT-1038,2026-06-13T15:00:35,396.46,Crestwood Dental Group,card_payment
TXN-3A2FBF2B6C,ACCT-1031,2026-06-13T15:20:39,1183.0,Falcon Freight Inc,cash_deposit
TXN-30A5EC59B2,ACCT-1051,2026-06-13T15:25:13,1416.83,Cedar Point Electronics,cash_deposit
TXN-4B90C4A636,ACCT-1039,2026-06-13T15:33:24,109.04,Cedar Point Electronics,card_payment
TXN-1AC5D1EFDC,ACCT-1044,2026-06-13T15:53:02,266.67,Everett Consulting Group,ach_transfer
TXN-124F4A14D8,ACCT-1045,2026-06-13T15:54:03,740.07,Harbor View Realty,cash_deposit
TXN-32DAA9FB73,ACCT-1029,2026-06-13T15:56:56,228.27,Blue Harbor Supplies,card_payment
TXN-1339BD95CA,ACCT-1043,2026-06-13T16:02:38,1369.57,Maple Street Cafe,ach_transfer
TXN-1DF2B09828,ACCT-1043,2026-06-13T16:15:30,286.75,Union Hardware,card_payment
TXN-DF94F1ECC5,ACCT-1044,2026-06-13T16:32:02,914.38,Ironclad Security LLC,cash_deposit
TXN-3583EB0958,ACCT-1011,2026-06-13T16:59:31,1185.38,Sunrise Bakery,ach_transfer
TXN-3F8291E04A,ACCT-1053,2026-06-13T17:09:58,489.17,Silver Creek Farms,card_payment
TXN-15C9BC7733,ACCT-1059,2026-06-13T17:27:55,1753.04,Metro Utilities Co,card_payment
TXN-6C6FB39C9C,ACCT-1020,2026-06-13T17:32:39,444.02,Lakeside Medical Supply,ach_transfer
TXN-BAE2E27E10,ACCT-1016,2026-06-13T17:33:15,1288.72,Ironclad Security LLC,card_payment
TXN-6EC028B9B5,ACCT-1050,2026-06-13T17:34:48,995.1,Harbor View Realty,cash_deposit
TXN-5745DF5D7D,ACCT-1014,2026-06-13T17:37:17,62.65,Metro Utilities Co,card_payment
TXN-8FC18F5406,ACCT-1025,2026-06-13T17:46:46,172.83,Northgate Pharmacy,cash_deposit
TXN-45F20B9389,ACCT-1024,2026-06-13T18:02:14,876.13,Sunrise Bakery,wire_transfer
TXN-4D8F6766E6,ACCT-1058,2026-06-13T18:13:26,902.08,Riverside Grocers,card_payment
TXN-318BE75BED,ACCT-1035,2026-06-13T18:20:55,188.86,Crestwood Dental Group,cash_withdrawal
TXN-6024DE3989,ACCT-1057,2026-06-13T18:26:19,1094.46,Sunrise Bakery,ach_transfer
TXN-0772FB9F47,ACCT-1042,2026-06-13T18:35:35,362.39,Willow Bend Textiles,ach_transfer
TXN-FA226E451C,ACCT-1027,2026-06-13T18:43:55,951.18,Harbor View Realty,wire_transfer
TXN-2C5A423E62,ACCT-1059,2026-06-13T18:44:44,1645.6,Acme Retail Corp,ach_transfer
TXN-2E22C0B906,ACCT-1030,2026-06-13T18:48:57,563.67,Blue Harbor Supplies,card_payment
TXN-025152F48A,ACCT-1010,2026-06-13T18:59:47,1423.81,Metro Utilities Co,cash_withdrawal
TXN-E97E829169,ACCT-1059,2026-06-13T19:47:05,612.0,Blue Harbor Supplies,cash_deposit
TXN-716AFE59EC,ACCT-1057,2026-06-13T20:08:09,195.75,Ironclad Security LLC,cash_withdrawal
TXN-1BDC0833E6,ACCT-1029,2026-06-13T20:14:07,182.84,Falcon Freight Inc,card_payment
TXN-45D464EDE3,ACCT-1003,2026-06-13T20:14:28,2032.99,Union Hardware,card_payment
TXN-5725327D95,ACCT-1018,2026-06-13T20:17:21,557.51,Ironclad Security LLC,wire_transfer
TXN-2695FA4F5F,ACCT-1003,2026-06-13T20:31:28,341.66,Ironclad Security LLC,ach_transfer
TXN-50423968F3,ACCT-1009,2026-06-13T20:44:24,989.82,Lakeside Medical Supply,ach_transfer
TXN-00FF0BD8D0,ACCT-1031,2026-06-13T21:14:00,1460.51,Maple Street Cafe,cash_withdrawal
TXN-C966B4E69E,ACCT-1014,2026-06-13T21:15:15,1076.52,Metro Utilities Co,card_payment
TXN-F564E66F47,ACCT-1058,2026-06-13T21:20:23,136.2,Blue Harbor Supplies,card_payment
TXN-06A819E0A7,ACCT-1006,2026-06-13T21:32:44,1067.74,Palmdale Auto Parts,card_payment
TXN-A088B5214E,ACCT-1005,2026-06-13T22:00:42,639.48,Bright Path Insurance,ach_transfer
TXN-459BCFA8BE,ACCT-1048,2026-06-13T22:05:02,735.28,Falcon Freight Inc,ach_transfer
TXN-ED91D50B2F,ACCT-1004,2026-06-13T22:10:50,862.68,Everett Consulting Group,ach_transfer
TXN-BF3CAB374E,ACCT-1006,2026-06-13T22:28:25,1165.05,Greenfield Logistics,card_payment
TXN-49DDBE6C3E,ACCT-1041,2026-06-13T22:36:37,1306.2,Maple Street Cafe,wire_transfer
TXN-E97B2D0984,ACCT-1040,2026-06-13T22:45:35,179.72,Union Hardware,ach_transfer
TXN-7FAFDDCF3D,ACCT-1022,2026-06-13T22:45:58,585.35,Cedar Point Electronics,card_payment
TXN-A2E807A327,ACCT-1001,2026-06-13T22:48:52,239.7,Palmdale Auto Parts,card_payment
TXN-359EF86E0F,ACCT-1041,2026-06-13T22:50:36,440.69,Willow Bend Textiles,wire_transfer
TXN-DA586893E3,ACCT-1005,2026-06-13T23:00:16,221.16,Crestwood Dental Group,ach_transfer
TXN-9B50DA627B,ACCT-1029,2026-06-13T23:13:01,946.18,Crestwood Dental Group,wire_transfer
TXN-12065FF169,ACCT-1023,2026-06-13T23:24:36,513.8,Bright Path Insurance,ach_transfer
TXN-1CFAB55A96,ACCT-1005,2026-06-13T23:38:57,988.22,Greenfield Logistics,ach_transfer
TXN-DAE6832E6A,ACCT-1029,2026-06-13T23:43:02,519.23,Harbor View Realty,wire_transfer
TXN-3DF10729C3,ACCT-1045,2026-06-13T23:57:43,176.14,Union Hardware,cash_withdrawal
TXN-E927A91926,ACCT-1003,2026-06-14T00:18:09,444.72,Metro Utilities Co,cash_deposit
TXN-9CAF389CEA,ACCT-1041,2026-06-14T00:43:59,2309.34,Northgate Pharmacy,ach_transfer
TXN-D4B15C0C47,ACCT-1021,2026-06-14T00:58:41,546.22,Falcon Freight Inc,card_payment
TXN-A9640FE51F,ACCT-1037,2026-06-14T01:08:59,406.0,Willow Bend Textiles,card_payment
TXN-A7CAED5C42,ACCT-1029,2026-06-14T01:09:58,172.66,Harbor View Realty,card_payment
TXN-E84D6416A4,ACCT-1038,2026-06-14T01:29:44,1388.88,Greenfield Logistics,ach_transfer
TXN-6A4C83B7D7,ACCT-1042,2026-06-14T01:30:51,471.02,Maple Street Cafe,cash_withdrawal
TXN-033105E2AA,ACCT-1021,2026-06-14T02:09:03,575.13,Crestwood Dental Group,card_payment
TXN-9FB19DEBC7,ACCT-1044,2026-06-14T02:40:01,1542.43,Silver Creek Farms,ach_transfer
TXN-5CF81B7B88,ACCT-1027,2026-06-14T03:39:32,624.78,Palmdale Auto Parts,cash_deposit
TXN-741FC83B29,ACCT-1000,2026-06-14T04:09:20,341.81,Union Hardware,ach_transfer
TXN-C4AD80BA69,ACCT-1013,2026-06-14T04:16:38,756.5,Maple Street Cafe,cash_deposit
TXN-69C4917B84,ACCT-1046,2026-06-14T04:29:44,503.36,Silver Creek Farms,card_payment
TXN-A88D2AE76B,ACCT-1051,2026-06-14T04:32:48,624.12,Crestwood Dental Group,wire_transfer
TXN-6EC2CA955D,ACCT-1040,2026-06-14T04:35:00,115.89,Crestwood Dental Group,ach_transfer
TXN-98687E4DF6,ACCT-1019,2026-06-14T04:37:39,570.89,Acme Retail Corp,ach_transfer
TXN-342BEE45B9,ACCT-1039,2026-06-14T04:46:13,600.71,Bright Path Insurance,cash_withdrawal
TXN-9EA9771833,ACCT-1008,2026-06-14T04:56:29,241.86,Cedar Point Electronics,cash_withdrawal
TXN-204A20EE9C,ACCT-1018,2026-06-14T05:00:23,202.27,Sunrise Bakery,ach_transfer
TXN-C4C0740BE9,ACCT-1038,2026-06-14T05:06:14,694.11,Crestwood Dental Group,card_payment
TXN-A84B18DF34,ACCT-1047,2026-06-14T05:13:14,312.46,Northgate Pharmacy,cash_deposit
TXN-A03A2C3F7C,ACCT-1012,2026-06-14T05:18:54,1115.81,Bright Path Insurance,wire_transfer
TXN-9E77BBCE61,ACCT-1034,2026-06-14T05:41:15,1634.99,Blue Harbor Supplies,card_payment
TXN-650F0E1AF6,ACCT-1040,2026-06-14T05:42:26,333.94,Acme Retail Corp,card_payment
TXN-E7429576C8,ACCT-1022,2026-06-14T06:10:36,747.59,Palmdale Auto Parts,cash_deposit
TXN-068A2B7F12,ACCT-1001,2026-06-14T06:12:39,181.83,Everett Consulting Group,cash_deposit
TXN-FE618560DC,ACCT-1029,2026-06-14T07:02:36,1127.52,Willow Bend Textiles,card_payment
TXN-AF402AC772,ACCT-1000,2026-06-14T07:11:20,749.41,Willow Bend Textiles,card_payment
TXN-12E66C2580,ACCT-1042,2026-06-14T07:12:56,781.4,Sunrise Bakery,ach_transfer
TXN-EA22E16BF5,ACCT-1035,2026-06-14T07:15:33,341.17,Metro Utilities Co,card_payment
TXN-09D893D64A,ACCT-1044,2026-06-14T07:23:56,951.64,Blue Harbor Supplies,wire_transfer
TXN-4272D7F3C9,ACCT-1043,2026-06-14T07:24:57,944.37,Ironclad Security LLC,cash_deposit
TXN-19FFBC7257,ACCT-1043,2026-06-14T07:43:45,224.23,Crestwood Dental Group,card_payment
TXN-7389E7106B,ACCT-1052,2026-06-14T07:47:30,1238.84,Riverside Grocers,ach_transfer
TXN-7193A28AF3,ACCT-1020,2026-06-14T07:56:27,768.43,Cedar Point Electronics,card_payment
TXN-ECE72FCE79,ACCT-1023,2026-06-14T08:38:31,606.52,Ironclad Security LLC,cash_deposit
TXN-23D30100DE,ACCT-1010,2026-06-14T08:41:26,210.78,Falcon Freight Inc,card_payment
TXN-20BD8D8761,ACCT-1020,2026-06-14T08:46:56,630.05,Sunrise Bakery,cash_withdrawal
TXN-4A387AB99B,ACCT-1004,2026-06-14T08:52:56,735.97,Palmdale Auto Parts,card_payment
TXN-4BBB35C94F,ACCT-1051,2026-06-14T09:00:00,3234.81,Northwind Fictitious Holdings,ach_transfer
TXN-84CDFEB1EE,ACCT-1003,2026-06-14T09:11:36,283.17,Greenfield Logistics,card_payment
TXN-A4142FCE61,ACCT-1027,2026-06-14T09:21:11,119.02,Falcon Freight Inc,cash_deposit
TXN-73E4E6FAF9,ACCT-1028,2026-06-14T09:31:07,280.35,Union Hardware,ach_transfer
TXN-94364EC7F3,ACCT-1019,2026-06-14T09:44:43,1300.34,Ironclad Security LLC,card_payment
TXN-5796B2D051,ACCT-1055,2026-06-14T09:52:43,1431.4,Bright Path Insurance,ach_transfer
TXN-5CAF852AC3,ACCT-1023,2026-06-14T10:02:54,275.31,Blue Harbor Supplies,ach_transfer
TXN-E6B1AC93AC,ACCT-1038,2026-06-14T10:11:59,695.22,Bright Path Insurance,cash_withdrawal
TXN-923954E2DD,ACCT-1055,2026-06-14T10:17:39,514.03,Riverside Grocers,ach_transfer
TXN-1C582C9CA2,ACCT-1005,2026-06-14T10:32:44,377.94,Lakeside Medical Supply,cash_deposit
TXN-87BD8C5089,ACCT-1036,2026-06-14T10:35:31,590.31,Metro Utilities Co,wire_transfer
TXN-8E86EE595D,ACCT-1001,2026-06-14T10:44:00,708.53,Falcon Freight Inc,ach_transfer
TXN-5B3D8745E2,ACCT-1032,2026-06-14T10:57:19,351.84,Silver Creek Farms,card_payment
TXN-AD5C7E2386,ACCT-1016,2026-06-14T11:10:36,2067.03,Palmdale Auto Parts,card_payment
TXN-2012F2C377,ACCT-1019,2026-06-14T11:18:10,324.53,Northgate Pharmacy,cash_withdrawal
TXN-B29E89DF7D,ACCT-1036,2026-06-14T11:33:29,1025.79,Blue Harbor Supplies,cash_deposit
TXN-4A81005957,ACCT-1031,2026-06-14T11:41:13,755.88,Riverside Grocers,ach_transfer
TXN-F583265B6F,ACCT-1004,2026-06-14T11:42:08,304.05,Greenfield Logistics,ach_transfer
TXN-ED4F22419E,ACCT-1008,2026-06-14T11:42:12,718.62,Harbor View Realty,card_payment
TXN-C9B04936B4,ACCT-1009,2026-06-14T12:22:15,821.36,Palmdale Auto Parts,cash_withdrawal
TXN-AB7C53E044,ACCT-1038,2026-06-14T12:35:04,1069.79,Crestwood Dental Group,card_payment
TXN-7B5813F9DF,ACCT-1002,2026-06-14T12:45:45,463.64,Cedar Point Electronics,card_payment
TXN-5DF5383DC1,ACCT-1009,2026-06-14T12:50:56,2418.87,Blue Harbor Supplies,cash_withdrawal
TXN-CB4DD30F35,ACCT-1025,2026-06-14T12:52:49,1380.46,Sunrise Bakery,wire_transfer
TXN-0E735DA789,ACCT-1034,2026-06-14T13:01:28,209.98,Metro Utilities Co,cash_deposit
TXN-C4842EB8AB,ACCT-1033,2026-06-14T13:08:00,719.64,Blue Harbor Supplies,card_payment
TXN-8A6DA3689D,ACCT-1040,2026-06-14T13:10:42,622.29,Metro Utilities Co,card_payment
TXN-049E326304,ACCT-1016,2026-06-14T13:13:58,354.5,Everett Consulting Group,ach_transfer
TXN-708F633585,ACCT-1011,2026-06-14T13:22:53,258.17,Harbor View Realty,card_payment
TXN-E4081425A4,ACCT-1040,2026-06-14T13:50:09,379.29,Bright Path Insurance,card_payment
TXN-0D59AC6513,ACCT-1037,2026-06-14T13:52:34,485.33,Falcon Freight Inc,cash_deposit
TXN-1686949CA7,ACCT-1031,2026-06-14T13:55:21,962.12,Cedar Point Electronics,cash_deposit
TXN-691420AD9F,ACCT-1046,2026-06-14T14:14:32,447.13,Palmdale Auto Parts,card_payment
TXN-5EDF15425A,ACCT-1000,2026-06-14T14:51:20,289.44,Harbor View Realty,cash_withdrawal
TXN-5CA47436DE,ACCT-1030,2026-06-14T15:38:48,978.14,Acme Retail Corp,cash_deposit
TXN-D9BF841979,ACCT-1026,2026-06-14T15:50:48,63.46,Union Hardware,cash_withdrawal
TXN-9EAB7D31DA,ACCT-1041,2026-06-14T15:51:41,39.7,Falcon Freight Inc,cash_withdrawal
TXN-1AEADCF578,ACCT-1013,2026-06-14T16:11:20,656.5,Riverside Grocers,cash_deposit
TXN-8EEFD9A2A4,ACCT-1032,2026-06-14T16:12:58,904.59,Riverside Grocers,cash_deposit
TXN-6F387AA214,ACCT-1039,2026-06-14T17:06:35,699.33,Palmdale Auto Parts,card_payment
TXN-A4A33F5E0F,ACCT-1023,2026-06-14T17:06:43,360.67,Harbor View Realty,card_payment
TXN-6E8B8257BA,ACCT-1020,2026-06-14T17:18:46,1080.17,Ironclad Security LLC,ach_transfer
TXN-68533A0B7C,ACCT-1000,2026-06-14T17:38:23,521.12,Blue Harbor Supplies,wire_transfer
TXN-B36364622B,ACCT-1023,2026-06-14T17:48:09,858.2,Willow Bend Textiles,cash_deposit
TXN-AE4E45FA17,ACCT-1003,2026-06-14T18:02:21,303.38,Northgate Pharmacy,wire_transfer
TXN-4BA998DF23,ACCT-1000,2026-06-14T18:07:14,616.21,Everett Consulting Group,ach_transfer
TXN-C5A41B9580,ACCT-1038,2026-06-14T18:27:45,1276.55,Willow Bend Textiles,card_payment
TXN-FF67377C24,ACCT-1059,2026-06-14T18:29:34,18.33,Willow Bend Textiles,card_payment
TXN-1FC5042F84,ACCT-1046,2026-06-14T18:41:35,1377.88,Cedar Point Electronics,card_payment
TXN-701E64A8B2,ACCT-1029,2026-06-14T18:54:46,1023.99,Acme Retail Corp,ach_transfer
TXN-1EB7843C18,ACCT-1058,2026-06-14T18:57:27,286.25,Everett Consulting Group,cash_deposit
TXN-979A6554A4,ACCT-1034,2026-06-14T18:58:05,372.4,Riverside Grocers,wire_transfer
TXN-09FE7C993F,ACCT-1048,2026-06-14T19:06:49,104.83,Cedar Point Electronics,card_payment
TXN-03CAEB88A4,ACCT-1036,2026-06-14T19:22:31,428.4,Metro Utilities Co,card_payment
TXN-C8FCAA7B45,ACCT-1005,2026-06-14T19:37:04,561.48,Metro Utilities Co,card_payment
TXN-1AD841A41F,ACCT-1053,2026-06-14T19:53:10,906.73,Falcon Freight Inc,cash_withdrawal
TXN-09675AADB2,ACCT-1015,2026-06-14T20:02:28,726.98,Union Hardware,ach_transfer
TXN-96736BC725,ACCT-1012,2026-06-14T20:04:40,316.51,Lakeside Medical Supply,card_payment
TXN-809407E12E,ACCT-1035,2026-06-14T20:30:37,199.05,Palmdale Auto Parts,cash_deposit
TXN-8619E0C006,ACCT-1056,2026-06-14T20:34:21,560.34,Harbor View Realty,ach_transfer
TXN-47FED7B171,ACCT-1032,2026-06-14T20:35:18,486.54,Crestwood Dental Group,ach_transfer
TXN-087F86F49A,ACCT-1026,2026-06-14T20:56:11,630.67,Greenfield Logistics,card_payment
TXN-175EE0C58E,ACCT-1021,2026-06-14T21:01:22,486.12,Ironclad Security LLC,wire_transfer
TXN-C512B2FA80,ACCT-1054,2026-06-14T21:02:29,400.73,Bright Path Insurance,wire_transfer
TXN-C67976418A,ACCT-1005,2026-06-14T21:05:59,717.73,Ironclad Security LLC,wire_transfer
TXN-C1CEB62138,ACCT-1005,2026-06-14T21:46:39,630.7,Cedar Point Electronics,ach_transfer
TXN-B9592F08C3,ACCT-1024,2026-06-14T21:55:11,154.74,Harbor View Realty,cash_deposit
TXN-7D97409B9E,ACCT-1029,2026-06-14T21:56:08,1192.01,Willow Bend Textiles,card_payment
TXN-878213989E,ACCT-1048,2026-06-14T21:56:23,733.83,Silver Creek Farms,ach_transfer
TXN-456D5447D0,ACCT-1033,2026-06-14T22:01:42,623.72,Silver Creek Farms,cash_withdrawal
TXN-484B2FBA7F,ACCT-1040,2026-06-14T22:01:56,646.99,Acme Retail Corp,card_payment
TXN-100D744AE2,ACCT-1059,2026-06-14T22:02:47,466.02,Lakeside Medical Supply,card_payment
TXN-7F185DCB1B,ACCT-1037,2026-06-14T22:57:47,373.06,Falcon Freight Inc,cash_withdrawal
TXN-25489B6B9D,ACCT-1054,2026-06-14T23:14:14,492.08,Ironclad Security LLC,card_payment
TXN-A40E38C8E5,ACCT-1024,2026-06-14T23:14:17,680.75,Silver Creek Farms,cash_withdrawal
TXN-FAC55DA4F1,ACCT-1010,2026-06-14T23:58:31,1218.89,Lakeside Medical Supply,ach_transfer
